id,female,lb_wght,anti_k1,math,grade,occ,age,men,spring,anti,nb_wght
201,1,0,0,38,1,2,111,0,1,0,1
201,1,0,0,55,3,3,135,1,1,0,1
303,1,0,1,26,0,2,121,0,1,2,1
303,1,0,1,33,3,3,145,0,1,2,1
2702,0,0,0,56,0,2,100,.,1,0,1
2702,0,0,0,58,2,3,125,.,1,2,1
2702,0,0,0,80,6,4,173,.,1,2,1
4303,1,0,0,41,1,2,115,0,0,1,1
4303,1,0,0,58,2,3,135,0,1,2,1
5002,0,0,4,46,2,2,117,.,1,4,1
5002,0,0,4,54,4,3,145,.,0,1,1
5002,0,0,4,66,6,4,167,.,1,5,1
5005,1,0,0,35,0,2,93,0,0,2,1
5005,1,0,0,50,2,3,115,0,1,2,1
5005,1,0,0,60,4,4,139,0,1,1,1
5005,1,0,0,59,6,5,163,1,1,3,1
5701,0,0,2,62,1,2,111,.,0,2,1
5701,0,0,2,61,2,3,134,.,0,1,1
6102,0,0,0,55,2,2,120,.,0,1,1
6102,0,0,0,67,3,3,141,.,1,0,1
6102,0,0,0,81,5,4,164,.,1,0,1
6801,1,0,0,54,1,2,106,0,1,0,1
6801,1,0,0,62,3,3,130,0,1,0,1
6801,1,0,0,66,5,4,153,0,1,0,1
6802,0,0,0,55,1,2,107,.,1,0,1
6802,0,0,0,66,3,3,130,.,1,1,1
6802,0,0,0,68,5,4,153,.,1,0,1
6803,1,0,0,57,1,2,113,0,1,0,1
6803,1,0,0,70,3,3,136,0,1,1,1
9603,0,0,0,35,0,2,97,.,1,1,1
9603,0,0,0,59,2,3,120,.,1,0,1
12401,1,0,0,34,1,2,97,0,0,1,1
12401,1,0,0,50,2,3,117,0,1,1,1
12801,0,0,2,48,2,3,117,.,0,2,1
13702,1,0,0,54,1,2,109,0,1,0,1
13702,1,0,0,64,4,3,133,0,1,0,1
13702,1,0,0,63,5,4,157,0,1,0,1
13801,0,0,1,66,1,2,112,.,1,1,1
13801,0,0,1,65,3,3,135,.,1,0,1
13803,1,0,0,58,1,2,106,0,1,0,1
13803,1,0,0,60,3,3,130,0,1,0,1
17201,1,0,0,46,1,2,108,0,1,1,1
17201,1,0,0,65,3,3,132,0,1,1,1
18601,0,0,1,27,2,3,113,.,0,.,1
22104,1,0,0,24,0,2,108,0,1,0,1
22104,1,0,0,41,2,3,132,0,1,2,1
22901,0,0,0,32,1,2,101,.,0,0,1
22901,0,0,0,49,3,3,147,.,1,0,1
23602,0,0,2,57,2,3,117,.,0,1,1
23701,1,0,3,48,2,2,111,0,0,4,1
23701,1,0,3,49,4,3,136,0,0,5,1
24402,1,0,5,44,2,2,109,0,0,7,1
24402,1,0,5,59,3,3,132,1,0,4,1
26201,1,0,1,39,0,2,88,0,0,2,1
26201,1,0,1,68,3,3,131,0,1,1,1
26201,1,0,1,71,6,4,159,0,0,1,1
28503,0,0,1,14,0,2,89,.,0,0,1
28503,0,0,1,48,2,3,133,.,1,1,1
29201,0,0,1,52,0,2,101,.,1,2,1
29201,0,0,1,67,2,3,125,.,1,2,1
29201,0,0,1,65,5,4,152,.,0,2,1
29201,0,0,1,75,6,5,173,.,1,2,1
29202,0,0,0,44,0,2,104,.,1,0,1
29202,0,0,0,64,3,3,132,.,0,0,1
29202,0,0,0,73,4,4,153,.,1,0,1
34401,0,0,1,52,0,2,100,.,1,6,1
34401,0,0,1,67,2,3,124,.,1,4,1
34401,0,0,1,79,6,4,174,.,0,4,1
35401,0,0,1,44,1,2,109,.,1,0,1
35401,0,0,1,64,3,3,133,.,1,0,1
35401,0,0,1,69,5,4,157,.,1,0,1
35402,1,0,0,53,1,2,106,0,1,0,1
35402,1,0,0,45,3,3,129,0,1,0,1
35402,1,0,0,61,5,4,153,1,1,3,1
36901,1,1,1,62,1,2,105,0,1,1,0
36901,1,1,1,65,3,3,130,0,1,1,0
36901,1,1,1,74,5,4,154,1,1,3,0
36902,0,0,1,48,0,2,99,.,1,0,1
36902,0,0,1,62,2,3,122,.,1,0,1
36902,0,0,1,65,4,4,146,.,1,1,1
36902,0,0,1,72,6,5,169,.,1,0,1
37403,0,0,0,37,0,2,97,.,0,0,1
37403,0,0,0,45,4,3,146,.,0,0,1
38202,1,0,1,27,0,2,89,0,0,1,1
38202,1,0,1,38,1,3,113,0,0,0,1
38802,0,0,0,38,2,3,120,.,1,3,1
38802,0,0,0,43,4,4,145,.,1,0,1
40501,0,0,2,42,1,2,103,.,1,1,1
40501,0,0,2,52,4,3,127,.,1,2,1
40702,0,0,0,46,0,2,93,.,1,0,1
40702,0,0,0,52,2,3,117,.,1,0,1
40702,0,0,0,60,4,4,140,.,1,0,1
42504,0,0,3,47,2,2,126,.,1,4,1
42504,0,0,3,64,4,3,150,.,1,4,1
42505,1,0,0,50,1,2,108,0,1,1,1
42505,1,0,0,60,3,3,131,0,1,1,1
42505,1,0,0,53,5,4,154,0,1,0,1
43103,1,0,3,62,4,3,147,1,1,3,1
43103,1,0,3,66,6,4,170,1,1,2,1
45201,0,0,3,40,0,2,97,.,1,1,1
45201,0,0,3,63,2,3,121,.,1,3,1
45201,0,0,3,64,4,4,145,.,1,3,1
45903,0,0,2,65,1,2,109,.,1,1,1
45903,0,0,2,66,4,3,132,.,1,4,1
46201,0,0,0,51,1,2,109,.,1,0,1
46201,0,0,0,66,3,3,134,.,1,0,1
46201,0,0,0,79,5,4,157,.,1,0,1
47201,0,0,3,58,0,2,100,.,1,0,1
47201,0,0,3,63,2,3,123,.,1,0,1
47402,0,0,2,45,2,2,112,.,0,2,1
47402,0,0,2,54,4,3,157,.,1,6,1
47601,1,1,1,32,0,2,92,0,1,3,0
47601,1,1,1,48,2,3,115,0,1,1,0
47601,1,1,1,58,6,4,164,1,1,2,0
48502,0,0,0,29,0,2,100,.,1,1,1
48502,0,0,0,58,4,3,149,.,1,0,1
49501,0,0,3,35,0,2,97,.,1,3,1
49501,0,0,3,50,2,3,120,.,1,2,1
53601,1,0,2,38,1,2,105,0,0,4,1
53601,1,0,2,45,4,3,149,1,1,5,1
55201,0,0,3,65,3,3,136,.,1,2,1
55201,0,0,3,69,5,4,160,.,1,3,1
55801,1,0,1,43,2,2,111,0,1,1,1
55801,1,0,1,52,4,3,135,0,1,3,1
55801,1,0,1,63,5,4,159,1,1,2,1
56301,1,0,3,24,1,2,104,0,0,2,1
56301,1,0,3,45,3,3,129,0,0,1,1
56301,1,0,3,55,5,4,152,0,0,2,1
56302,1,0,2,37,1,2,103,0,0,1,1
56302,1,0,2,46,3,3,127,0,0,2,1
57604,0,0,4,41,0,2,97,.,1,3,1
57604,0,0,4,67,2,3,120,.,1,4,1
58503,1,0,1,25,1,3,115,0,0,3,1
58503,1,0,1,50,4,4,160,1,1,3,1
62102,0,0,2,47,1,2,104,.,1,3,1
62102,0,0,2,70,4,3,153,.,1,2,1
62103,1,1,2,14,0,2,98,0,1,1,0
62103,1,1,2,32,1,3,121,0,1,4,0
62103,1,1,2,45,3,4,145,1,1,4,0
62202,0,0,2,60,1,2,114,.,1,1,1
62202,0,0,2,66,3,3,136,.,1,0,1
62703,0,0,2,32,0,2,100,.,1,3,1
62703,0,0,2,64,4,3,149,.,1,4,1
64002,0,0,3,43,0,2,104,.,1,2,1
64002,0,0,3,51,4,3,154,.,1,4,1
65601,1,0,0,55,1,2,104,0,1,0,1
65601,1,0,0,62,4,3,128,0,1,0,1
65701,1,0,0,55,2,2,113,0,1,0,1
65701,1,0,0,71,4,3,142,0,0,0,1
66002,0,0,1,40,0,2,100,.,1,0,1
66002,0,0,1,66,4,3,149,.,1,1,1
70801,0,1,1,44,2,2,127,.,0,3,0
70801,0,1,1,52,4,3,150,.,0,1,0
73602,0,0,1,42,0,2,103,.,1,0,1
73602,0,0,1,51,2,3,127,.,1,1,1
74602,0,0,4,39,0,2,94,.,1,3,1
74602,0,0,4,53,3,3,122,.,0,3,1
75603,1,0,2,20,0,2,93,0,1,2,1
75603,1,0,2,34,3,3,120,0,0,2,1
76402,0,0,2,51,2,2,122,.,1,3,1
76402,0,0,2,45,4,3,146,.,1,2,1
76403,0,0,1,44,1,2,110,.,1,2,1
76403,0,0,1,58,3,3,134,.,1,3,1
80102,1,0,3,36,1,2,98,0,0,0,1
80102,1,0,3,55,3,3,122,0,0,3,1
80102,1,0,3,65,6,4,166,.,1,1,1
82901,1,0,4,41,1,2,122,0,1,4,1
82901,1,0,4,46,4,3,150,1,0,4,1
83001,1,0,0,39,1,2,106,0,0,1,1
83001,1,0,0,48,4,3,150,0,1,0,1
83101,1,0,3,26,0,2,96,0,1,6,1
83101,1,0,3,38,2,3,120,0,1,4,1
83101,1,0,3,43,4,4,143,0,1,4,1
83101,1,0,3,50,6,5,167,1,1,5,1
83102,1,1,2,43,1,2,110,0,1,4,0
83102,1,1,2,44,3,3,134,0,1,5,0
83602,0,0,8,49,1,2,113,.,1,3,1
83602,0,0,8,58,4,3,141,.,0,6,1
83602,0,0,8,61,6,4,165,.,0,5,1
83603,0,1,2,34,1,2,104,.,0,4,0
83603,0,1,2,53,3,3,128,.,0,3,0
83603,0,1,2,52,4,4,149,.,1,3,0
85402,0,0,0,41,2,2,127,.,0,1,1
85402,0,0,0,51,3,3,146,.,1,3,1
87501,0,0,0,48,2,2,130,.,1,0,1
87501,0,0,0,51,4,3,154,.,1,2,1
87901,1,0,2,38,1,2,96,0,1,0,1
87901,1,0,2,49,2,3,120,0,1,1,1
88902,0,0,3,27,0,2,94,.,0,3,1
88902,0,0,3,37,1,3,118,.,0,4,1
88902,0,0,3,49,5,4,162,.,1,5,1
89303,0,0,1,42,1,2,111,.,0,3,1
89303,0,0,1,47,3,3,133,.,1,2,1
89803,1,0,2,41,1,2,110,0,1,1,1
89803,1,0,2,68,4,3,135,0,1,1,1
90002,1,0,3,60,2,2,118,0,1,2,1
90002,1,0,3,65,4,3,143,0,1,1,1
92303,1,0,0,48,1,2,113,0,1,0,1
92303,1,0,0,46,4,3,140,0,0,1,1
93202,1,0,3,30,1,2,102,0,0,2,1
93202,1,0,3,43,3,3,126,0,0,0,1
93901,0,0,3,34,1,2,110,.,0,.,1
93901,0,0,3,46,3,3,134,.,0,1,1
94002,0,0,2,30,0,2,97,.,0,.,1
94002,0,0,2,61,3,3,142,.,1,3,1
94002,0,0,2,68,5,4,166,.,1,3,1
96201,1,0,1,30,0,2,91,0,0,1,1
96201,1,0,1,51,4,3,139,0,0,2,1
96201,1,0,1,50,5,4,158,1,1,4,1
96202,0,0,2,37,2,2,119,.,0,2,1
96202,0,0,2,46,3,3,139,.,1,6,1
98102,1,0,0,45,0,2,104,0,1,1,1
98102,1,0,0,60,3,3,132,0,0,0,1
98102,1,0,0,64,4,4,153,0,1,1,1
101701,1,0,1,43,1,2,108,0,1,1,1
101701,1,0,1,49,3,3,133,0,1,1,1
101701,1,0,1,46,5,4,158,1,1,1,1
101702,0,0,3,22,0,2,94,.,1,4,1
101702,0,0,3,50,2,3,120,.,1,2,1
101702,0,0,3,49,4,4,144,.,1,2,1
101702,0,0,3,57,6,5,167,.,1,3,1
103501,1,0,0,29,0,2,96,0,0,2,1
103501,1,0,0,44,4,3,141,1,1,1,1
103501,1,0,0,43,6,4,165,1,1,3,1
108201,0,0,1,58,0,2,101,.,1,0,1
108201,0,0,1,69,2,3,125,.,1,0,1
113001,1,1,1,42,1,2,109,0,0,.,0
113001,1,1,1,70,3,3,130,0,1,0,0
113001,1,1,1,67,5,4,155,1,1,2,0
113201,0,0,6,47,2,2,116,.,0,1,1
113201,0,0,6,62,3,3,136,.,1,4,1
114101,1,0,0,18,0,2,94,0,0,0,1
114101,1,0,0,50,4,3,139,0,1,0,1
114101,1,0,0,46,5,4,163,1,1,3,1
114702,0,0,3,49,2,2,115,.,0,1,1
114702,0,0,3,55,3,3,132,.,1,0,1
115901,0,0,0,35,0,2,90,.,0,0,1
115901,0,0,0,48,3,3,135,.,1,0,1
115901,0,0,0,72,6,4,159,.,1,1,1
116002,1,0,0,37,0,2,97,0,1,0,1
116002,1,0,0,61,6,4,170,.,1,0,1
116004,1,0,0,52,1,2,107,0,1,0,1
116004,1,0,0,65,3,3,130,0,1,0,1
118402,1,0,2,51,1,2,106,0,0,4,1
118402,1,0,2,65,2,3,125,0,1,3,1
118402,1,0,2,66,5,4,153,0,0,3,1
122301,1,1,1,24,1,2,107,0,0,1,0
122301,1,1,1,42,2,3,126,1,1,3,0
124201,1,0,1,35,1,2,107,0,1,1,1
124201,1,0,1,45,3,3,131,0,1,3,1
124402,1,0,2,29,1,2,107,0,1,3,1
124402,1,0,2,41,3,3,131,0,1,3,1
124402,1,0,2,44,5,4,155,1,1,4,1
125002,1,0,1,37,0,2,106,0,0,0,1
125002,1,0,1,44,2,3,127,0,1,2,1
125002,1,0,1,47,4,4,150,1,1,3,1
126101,1,0,0,41,0,2,101,0,1,0,1
126101,1,0,0,47,2,3,125,0,1,0,1
126101,1,0,0,62,4,4,150,1,1,1,1
129502,0,0,6,37,1,3,126,.,1,3,1
129502,0,0,6,43,3,4,150,.,1,8,1
129601,1,0,2,23,0,2,88,0,0,0,1
129601,1,0,2,42,2,3,113,0,0,2,1
129601,1,0,2,42,4,4,136,1,0,5,1
129601,1,0,2,49,5,5,156,1,1,4,1
129602,0,0,1,43,1,3,115,.,1,1,1
132301,0,0,0,40,1,2,93,.,1,0,1
132301,0,0,0,64,2,3,117,.,1,0,1
132402,1,0,1,28,1,2,123,0,1,1,1
132402,1,0,1,45,4,3,147,0,1,0,1
132402,1,0,1,49,5,4,171,1,1,0,1
132403,0,0,1,40,1,2,96,.,1,0,1
132403,0,0,1,40,3,3,121,.,1,1,1
132403,0,0,1,53,4,4,145,.,1,0,1
136001,1,0,5,47,4,3,161,0,1,2,1
138901,1,0,1,39,0,2,90,0,1,1,1
138901,1,0,1,44,2,3,113,0,1,1,1
138901,1,0,1,47,4,4,138,0,1,0,1
138902,0,0,2,38,1,2,102,.,1,1,1
138902,0,0,2,45,3,3,127,.,1,0,1
139902,1,0,0,46,0,2,98,0,1,0,1
139902,1,0,0,71,4,3,146,0,1,1,1
139902,1,0,0,77,6,4,169,1,1,1,1
140004,0,0,1,24,0,2,100,.,1,0,1
140004,0,0,1,52,3,3,127,.,0,5,1
140104,0,0,2,34,1,2,124,.,0,1,1
140104,0,0,2,45,4,3,170,.,0,3,1
140901,0,0,3,19,0,2,84,.,0,0,1
140901,0,0,3,47,1,3,108,.,0,1,1
140901,0,0,3,56,3,4,129,.,1,1,1
140902,0,0,4,41,0,2,98,.,1,2,1
140902,0,0,4,48,4,3,145,.,1,3,1
141001,0,0,0,47,1,2,99,.,0,0,1
141001,0,0,0,61,3,3,122,.,0,0,1
141601,0,0,0,49,1,2,112,.,0,1,1
141601,0,0,0,49,3,3,135,.,0,1,1
141603,0,1,0,37,0,2,94,.,0,2,0
141603,0,1,0,50,4,3,140,.,0,1,0
143901,0,0,1,44,1,2,108,.,1,.,1
143901,0,0,1,53,3,3,133,.,1,5,1
144004,0,0,0,44,1,2,111,.,0,3,1
144004,0,0,0,44,3,3,130,.,1,1,1
144004,0,0,0,55,5,4,153,.,1,3,1
153203,1,0,2,54,0,2,93,0,1,4,1
153203,1,0,2,66,2,3,116,0,1,2,1
153203,1,0,2,66,4,4,141,0,1,1,1
153204,0,1,4,14,0,2,105,.,1,0,0
153204,0,1,4,25,2,3,130,.,1,4,0
153801,0,0,2,46,1,2,115,.,0,1,1
153801,0,0,2,48,4,3,140,.,0,0,1
155902,1,1,5,27,0,2,112,0,1,2,0
155902,1,1,5,39,3,3,140,0,0,1,0
156401,1,1,0,52,0,2,97,0,1,0,0
156401,1,1,0,59,2,3,121,0,1,0,0
156605,1,0,3,49,1,2,104,0,1,2,1
156605,1,0,3,63,3,3,127,0,1,1,1
158701,0,0,1,60,2,2,123,.,1,3,1
158701,0,0,1,63,4,3,147,.,1,2,1
158702,1,0,1,44,0,2,97,0,1,0,1
158702,1,0,1,63,2,3,121,0,1,2,1
158702,1,0,1,67,4,4,146,1,1,2,1
158702,1,0,1,75,6,5,170,1,1,1,1
159605,1,0,2,24,2,2,123,0,1,0,1
159605,1,0,2,31,3,3,146,0,1,4,1
159606,0,0,3,28,1,2,123,.,1,0,1
159606,0,0,3,38,3,3,146,.,1,6,1
159801,0,0,2,18,0,2,99,.,1,2,1
159801,0,0,2,51,4,3,147,.,1,2,1
159801,0,0,2,54,6,4,171,.,1,0,1
165501,0,0,3,32,1,2,123,.,1,0,1
165501,0,0,3,43,4,3,147,.,1,3,1
165602,0,0,0,39,2,2,108,.,0,0,1
165602,0,0,0,64,3,3,129,.,1,0,1
165602,0,0,0,57,5,4,153,.,1,0,1
165701,0,0,2,25,1,2,112,.,1,1,1
165701,0,0,2,41,3,3,136,.,1,1,1
165701,0,0,2,40,5,4,160,.,1,1,1
165801,1,0,1,56,2,3,118,0,1,1,1
165801,1,0,1,59,3,4,141,0,1,3,1
165801,1,0,1,66,5,5,165,1,1,0,1
166602,1,0,0,40,2,2,122,0,1,0,1
166602,1,0,0,55,4,3,147,1,1,0,1
166603,1,0,0,18,0,2,101,0,1,0,1
166603,1,0,0,33,2,3,127,0,1,1,1
167501,0,0,2,49,0,2,102,.,1,1,1
167501,0,0,2,62,2,3,126,.,1,3,1
167501,0,0,2,78,4,4,151,.,1,2,1
167502,0,0,0,57,0,2,99,.,1,1,1
167502,0,0,0,70,2,3,123,.,1,0,1
167502,0,0,0,76,4,4,146,.,1,1,1
169003,0,0,2,45,2,2,118,.,1,1,1
169003,0,0,2,45,4,3,141,.,1,1,1
169003,0,0,2,61,6,4,164,.,1,1,1
170403,1,0,4,39,1,2,112,0,1,2,1
170403,1,0,4,43,3,3,135,0,1,2,1
170403,1,0,4,44,6,4,164,1,0,4,1
170404,1,0,2,33,1,2,112,0,1,0,1
170404,1,0,2,43,4,3,140,0,0,1,1
171401,0,0,0,17,0,2,88,.,1,4,1
171401,0,0,0,42,3,3,141,.,0,3,1
171401,0,0,0,48,4,4,160,.,1,2,1
172502,0,0,2,41,0,2,94,.,0,3,1
172502,0,0,2,53,1,3,116,.,1,4,1
172502,0,0,2,53,3,4,140,.,1,0,1
172502,0,0,2,57,5,5,167,.,0,2,1
173001,1,0,0,38,0,2,98,0,1,2,1
173001,1,0,0,39,4,3,147,0,1,2,1
173001,1,0,0,29,6,4,171,1,1,4,1
173201,1,0,1,50,4,3,136,0,1,2,1
174001,1,0,5,44,0,2,92,0,1,5,1
174001,1,0,5,58,2,3,115,0,1,4,1
175405,1,0,1,20,0,2,92,0,1,1,1
175405,1,0,1,29,3,3,122,0,0,1,1
175801,1,0,0,27,1,2,103,0,0,0,1
175801,1,0,0,42,4,3,147,1,1,2,1
175801,1,0,0,49,6,4,170,1,1,4,1
176003,0,1,1,57,1,2,102,.,1,0,0
176003,0,1,1,48,3,3,124,.,1,0,0
178901,1,0,1,24,0,2,99,.,0,1,1
178901,1,0,1,42,4,3,144,1,0,2,1
179401,0,0,3,33,1,2,110,.,0,4,1
179401,0,0,3,47,4,3,153,.,1,4,1
179701,0,0,2,38,1,2,103,.,0,4,1
179701,0,0,2,47,4,3,151,.,0,1,1
179701,0,0,2,51,6,4,175,.,0,2,1
180301,1,0,1,48,1,2,97,0,0,0,1
180301,1,0,1,50,4,3,141,0,1,1,1
180301,1,0,1,80,6,4,165,1,1,1,1
181801,1,0,3,43,2,2,122,0,0,3,1
181801,1,0,3,49,4,3,147,0,0,3,1
182903,0,0,1,50,3,3,138,.,1,6,1
185304,1,0,0,44,1,2,104,0,1,0,1
185304,1,0,0,45,3,3,127,0,1,1,1
187803,0,0,0,37,0,2,101,.,1,0,1
187803,0,0,0,64,4,3,150,.,1,0,1
188002,0,0,0,42,0,2,98,.,1,0,1
188002,0,0,0,58,2,3,123,.,1,1,1
188002,0,0,0,60,6,4,171,.,1,0,1
188502,0,0,0,48,1,2,112,.,1,0,1
188502,0,0,0,64,3,3,135,.,1,0,1
189601,0,0,0,51,1,2,113,.,1,2,1
189601,0,0,0,64,4,3,141,.,0,2,1
189601,0,0,0,65,5,4,162,.,1,1,1
189602,0,0,6,36,1,2,101,.,0,5,1
189602,0,0,6,51,2,3,123,.,1,5,1
189602,0,0,6,72,6,4,170,.,1,3,1
190202,1,0,0,40,1,2,103,0,1,2,1
190202,1,0,0,50,4,3,128,0,1,0,1
190501,1,0,0,68,2,2,128,0,1,0,1
190501,1,0,0,65,4,3,152,0,1,0,1
191202,0,0,4,29,0,2,91,.,1,3,1
191202,0,0,4,42,1,3,115,.,1,4,1
191202,0,0,4,62,3,4,138,.,1,3,1
191202,0,0,4,57,5,5,162,.,1,4,1
193601,1,0,0,13,0,2,103,0,1,0,1
193601,1,0,0,52,2,3,128,0,1,0,1
193601,1,0,0,58,4,4,151,0,1,0,1
193803,1,0,1,41,1,2,104,0,1,2,1
193803,1,0,1,61,3,3,128,0,1,2,1
193803,1,0,1,61,5,4,152,1,1,2,1
196002,1,0,3,31,0,2,110,0,1,3,1
196002,1,0,3,37,2,3,132,0,1,0,1
196201,0,0,1,36,1,2,97,.,0,0,1
196201,0,0,1,52,3,3,119,.,0,1,1
196201,0,0,1,61,5,4,143,.,0,0,1
196202,1,0,1,36,1,2,96,0,0,0,1
196202,1,0,1,50,4,3,140,0,1,2,1
196202,1,0,1,55,6,4,165,1,1,3,1
204602,1,0,0,51,1,2,107,0,1,0,1
204602,1,0,0,59,3,3,129,0,1,0,1
205802,1,0,2,41,1,2,93,0,1,1,1
205802,1,0,2,65,4,3,141,0,1,1,1
205802,1,0,2,81,6,4,164,1,1,1,1
207102,1,0,1,56,1,3,118,0,1,0,1
207102,1,0,1,70,4,4,142,0,1,1,1
207202,1,0,3,39,0,2,104,0,1,2,1
207202,1,0,3,52,3,3,131,0,0,.,1
207202,1,0,3,69,4,4,151,0,1,2,1
207301,1,0,3,49,2,2,125,0,1,.,1
207301,1,0,3,47,4,3,149,1,1,2,1
212001,1,0,1,45,1,2,119,1,0,1,1
212001,1,0,1,66,3,3,138,1,1,3,1
212001,1,0,1,62,5,4,161,1,1,3,1
213101,0,0,5,38,0,2,103,.,0,3,1
213101,0,0,5,42,2,3,128,.,0,4,1
213702,0,0,1,46,2,2,113,.,0,2,1
213702,0,0,1,47,3,3,133,.,1,0,1
213702,0,0,1,63,5,4,158,.,1,1,1
215304,1,0,3,31,1,2,103,0,0,3,1
215304,1,0,3,46,3,3,124,0,1,3,1
215304,1,0,3,64,6,4,171,1,1,4,1
216701,1,0,0,49,1,2,106,0,0,1,1
216701,1,0,0,55,3,3,126,0,1,1,1
217402,0,0,5,43,1,2,103,.,0,3,1
217402,0,0,5,61,4,3,148,.,1,2,1
219003,1,0,0,33,0,2,102,0,1,0,1
219003,1,0,0,56,3,3,129,0,0,1,1
219003,1,0,0,67,5,4,153,0,0,0,1
220401,0,0,1,24,0,2,92,.,1,1,1
220401,0,0,1,63,2,3,117,.,1,0,1
221202,0,1,0,48,1,2,99,.,1,0,0
221202,0,1,0,66,4,3,147,.,1,0,0
223002,0,0,2,61,1,2,109,.,1,2,1
223002,0,0,2,70,3,3,134,.,1,6,1
224901,1,0,0,26,0,2,85,0,0,0,1
224901,1,0,0,35,1,3,107,0,0,0,1
224901,1,0,0,45,5,4,153,.,1,2,1
226001,1,0,2,16,1,2,98,0,0,4,1
226001,1,0,2,43,3,3,120,0,0,1,1
226502,0,0,4,26,1,2,108,.,0,3,1
226502,0,0,4,42,3,3,131,.,0,1,1
226502,0,0,4,48,5,4,151,.,1,3,1
226704,0,0,2,32,1,2,124,.,0,4,1
226704,0,0,2,46,3,3,147,.,0,3,1
226704,0,0,2,51,4,4,169,.,1,5,1
227002,0,0,2,57,2,2,125,.,1,1,1
227002,0,0,2,55,4,3,148,.,1,2,1
227002,0,0,2,46,5,4,172,.,1,1,1
227101,1,1,3,17,1,2,111,0,1,0,0
227101,1,1,3,44,3,3,136,1,1,0,0
227101,1,1,3,46,6,4,160,1,1,2,0
227102,0,1,0,46,2,2,106,.,1,0,0
227102,0,1,0,45,3,3,130,.,1,0,0
227102,0,1,0,71,5,4,154,.,1,0,0
227201,0,0,0,36,2,2,113,.,0,0,1
227201,0,0,0,48,4,3,136,.,0,1,1
227201,0,0,0,53,6,4,160,.,0,0,1
231502,1,0,1,18,1,2,101,0,0,0,1
231502,1,0,1,43,2,3,121,1,1,0,1
233301,0,0,2,42,1,2,109,.,1,2,1
233301,0,0,2,50,4,3,158,.,1,5,1
233901,1,1,0,55,1,2,115,0,1,0,0
233901,1,1,0,62,3,3,139,0,1,0,0
233902,1,1,3,52,1,2,115,0,1,4,0
233902,1,1,3,56,3,3,139,1,1,0,0
235503,0,1,3,29,1,2,116,.,1,0,0
235503,0,1,3,41,3,3,141,.,1,3,0
236002,0,0,1,38,1,2,108,.,0,0,1
236002,0,0,1,43,3,3,132,.,0,1,1
236002,0,0,1,46,4,4,153,.,1,3,1
236201,1,0,0,23,1,2,101,0,0,1,1
236201,1,0,0,44,2,3,126,1,0,4,1
236202,0,1,1,16,0,2,100,.,1,2,0
236202,0,1,1,39,2,3,123,.,1,1,0
236901,0,0,0,45,1,2,104,.,1,1,1
236901,0,0,0,65,4,3,152,.,1,0,1
237501,1,0,6,46,1,2,111,0,1,4,1
237501,1,0,6,61,4,3,136,0,1,.,1
237501,1,0,6,70,6,4,162,1,0,0,1
238301,1,0,2,42,1,3,112,0,1,1,1
238301,1,0,2,50,5,4,159,0,1,1,1
239603,1,0,1,30,1,2,96,0,0,0,1
239603,1,0,1,45,4,3,140,0,1,2,1
239603,1,0,1,46,6,4,164,1,1,2,1
239604,0,0,1,28,0,2,93,.,1,1,1
239604,0,0,1,42,1,3,115,.,1,0,1
239604,0,0,1,46,4,4,139,.,1,2,1
240701,1,0,2,36,1,2,103,0,0,3,1
240701,1,0,2,40,3,3,126,0,0,3,1
240701,1,0,2,49,5,4,150,1,0,4,1
240702,0,0,2,20,0,2,92,.,0,1,1
240702,0,0,2,51,4,3,137,.,1,1,1
244201,0,1,0,42,1,2,108,.,0,1,0
244201,0,1,0,47,2,3,129,.,1,0,0
244702,1,1,4,37,1,2,103,0,0,6,0
244702,1,1,4,47,3,3,126,0,0,5,0
245903,0,0,6,47,1,2,115,.,1,1,1
245903,0,0,6,41,4,3,144,.,0,3,1
248402,1,0,1,27,1,3,118,0,1,1,1
250502,0,0,4,43,1,3,114,.,0,5,1
250502,0,0,4,62,5,4,158,.,1,5,1
252902,0,1,2,29,0,2,105,.,1,0,0
252902,0,1,2,33,3,3,130,.,1,1,0
253001,0,0,1,41,1,2,116,.,1,3,1
253001,0,0,1,42,4,3,141,.,1,3,1
253603,1,1,1,35,1,2,107,0,0,3,0
253603,1,1,1,40,3,3,132,0,0,2,0
253802,0,0,0,39,0,2,94,.,1,1,1
253802,0,0,0,44,2,3,118,.,1,4,1
253802,0,0,0,48,5,4,142,.,1,2,1
253802,0,0,0,58,6,5,166,.,1,2,1
254901,1,0,2,42,2,2,120,0,1,3,1
254901,1,0,2,59,4,3,144,0,1,3,1
255201,0,0,2,47,0,2,103,.,1,4,1
255201,0,0,2,49,2,3,127,.,1,1,1
255901,0,0,1,13,1,2,106,.,0,3,1
255901,0,0,1,38,2,3,127,.,1,4,1
255901,0,0,1,44,5,4,154,.,0,4,1
255902,0,0,4,30,0,2,107,.,1,4,1
255902,0,0,4,41,3,3,133,.,0,4,1
255902,0,0,4,48,4,4,155,.,1,4,1
255903,1,0,1,42,1,2,118,0,1,2,1
255903,1,0,1,51,3,3,140,0,1,.,1
258801,0,0,1,52,1,2,107,.,1,1,1
258801,0,0,1,65,4,3,135,.,0,1,1
260702,1,0,2,48,1,2,108,0,0,2,1
260702,1,0,2,66,2,3,128,0,1,2,1
261501,1,0,4,22,0,2,84,0,0,5,1
261501,1,0,4,38,2,3,130,0,1,3,1
261501,1,0,4,50,4,4,154,1,1,4,1
261502,0,0,4,29,2,2,120,.,1,4,1
261502,0,0,4,51,4,3,147,.,0,3,1
261502,0,0,4,67,5,4,168,.,1,3,1
261503,0,0,4,34,0,2,105,.,1,4,1
261503,0,0,4,47,3,3,132,.,0,3,1
261503,0,0,4,44,4,4,153,.,1,3,1
262601,0,0,5,51,1,2,116,.,1,3,1
262601,0,0,5,53,3,3,140,.,1,6,1
262601,0,0,5,62,5,4,163,.,1,2,1
262602,1,0,4,59,1,2,109,0,1,6,1
262602,1,0,4,64,3,3,132,0,1,6,1
263801,1,0,4,44,1,2,100,0,0,3,1
263801,1,0,4,65,2,3,118,0,1,4,1
265902,1,0,2,39,0,2,94,.,1,1,1
265902,1,0,2,43,2,3,117,1,1,1,1
265902,1,0,2,49,6,4,166,1,1,1,1
268301,0,0,2,32,1,2,116,.,0,3,1
268301,0,0,2,41,2,3,138,.,0,2,1
268303,0,0,4,35,1,2,114,.,0,2,1
268303,0,0,4,46,3,3,135,.,1,4,1
268901,1,0,4,35,0,2,105,0,1,6,1
268901,1,0,4,44,3,3,130,0,1,5,1
268902,0,0,4,44,0,2,112,.,1,4,1
268902,0,0,4,51,4,3,159,.,1,0,1
269001,0,0,4,36,1,2,117,.,0,2,1
269001,0,0,4,46,4,3,161,.,1,5,1
269101,1,0,1,44,1,2,115,0,1,0,1
269101,1,0,1,54,3,3,138,1,1,0,1
269101,1,0,1,58,6,4,162,1,1,0,1
269102,1,0,3,26,1,2,107,0,1,4,1
269102,1,0,3,54,3,3,131,0,1,3,1
269102,1,0,3,58,5,4,155,1,1,2,1
269902,1,0,1,42,1,3,110,0,1,0,1
269902,1,0,1,60,3,4,133,0,1,0,1
271001,1,0,1,34,0,2,102,0,1,0,1
271001,1,0,1,50,4,3,151,.,1,0,1
272903,1,0,3,39,0,2,94,0,1,2,1
272903,1,0,3,51,2,3,118,0,1,3,1
272903,1,0,3,49,4,4,140,0,1,4,1
273501,0,0,1,41,0,2,93,.,0,2,1
273501,0,0,1,51,2,3,117,.,0,2,1
273501,0,0,1,64,4,4,139,.,1,2,1
273501,0,0,1,65,6,5,162,.,1,2,1
274401,1,0,3,41,2,2,116,0,1,2,1
274401,1,0,3,42,4,3,139,1,1,2,1
277002,0,0,0,42,2,2,115,.,0,0,1
277002,0,0,0,50,4,3,137,.,0,2,1
277002,0,0,0,51,6,4,161,.,0,1,1
277003,1,0,0,48,2,2,115,0,0,0,1
277003,1,0,0,48,4,3,137,0,0,0,1
277003,1,0,0,62,6,4,161,1,0,0,1
277502,1,0,0,41,1,2,113,0,1,1,1
277502,1,0,0,50,4,3,142,0,0,1,1
278103,1,0,0,43,1,2,107,0,1,0,1
278103,1,0,0,47,3,3,131,0,1,2,1
278103,1,0,0,75,5,4,155,0,1,0,1
281001,1,0,0,42,1,2,97,0,0,0,1
281001,1,0,0,41,4,3,142,0,1,0,1
281901,1,0,1,43,2,2,115,0,0,0,1
281901,1,0,1,50,4,3,138,0,0,0,1
282602,0,0,2,42,2,2,119,.,0,0,1
282602,0,0,2,63,3,3,140,.,1,2,1
282603,1,0,0,44,1,2,102,0,0,.,1
282603,1,0,0,64,2,3,123,0,1,2,1
287702,0,0,1,61,2,2,122,.,1,1,1
287702,0,0,1,72,4,3,145,.,1,2,1
288501,1,0,4,44,1,2,102,0,0,5,1
288501,1,0,4,64,4,3,147,1,1,5,1
288501,1,0,4,67,6,4,172,1,1,3,1
290901,1,0,0,62,2,2,122,0,1,0,1
290901,1,0,0,76,4,3,145,0,1,0,1
290902,0,0,0,39,0,2,103,.,1,0,1
290902,0,0,0,52,2,3,131,.,0,0,1
291101,1,0,1,44,1,2,101,0,0,1,1
291101,1,0,1,54,3,3,125,0,0,2,1
291101,1,0,1,62,4,4,148,1,0,.,1
294902,0,0,0,59,1,2,108,.,1,0,1
294902,0,0,0,66,3,3,132,.,1,0,1
294902,0,0,0,68,6,4,158,.,0,2,1
294903,1,0,0,45,1,2,105,0,1,0,1
294903,1,0,0,51,4,3,131,0,0,0,1
295901,1,0,1,59,0,2,92,0,1,1,1
295901,1,0,1,60,2,3,116,0,1,1,1
295901,1,0,1,63,4,4,139,0,1,0,1
295902,0,0,1,55,0,2,92,.,1,1,1
295902,0,0,1,59,2,3,116,.,1,2,1
296401,0,0,0,49,2,2,108,.,0,1,1
296401,0,0,0,45,3,3,128,.,1,0,1
296401,0,0,0,73,5,4,153,.,1,0,1
297901,1,0,0,45,2,2,109,0,0,1,1
297901,1,0,0,45,4,3,132,0,0,0,1
297901,1,0,0,53,6,4,156,0,0,0,1
297902,0,0,0,28,0,2,93,.,0,0,1
297902,0,0,0,44,2,3,117,.,0,0,1
297902,0,0,0,62,3,4,137,.,1,0,1
297902,0,0,0,53,6,5,164,.,0,0,1
298301,1,1,0,43,1,2,110,0,1,0,0
298301,1,1,0,44,3,3,134,0,1,0,0
301101,0,0,0,57,1,2,112,.,1,0,1
301101,0,0,0,81,6,4,160,.,1,0,1
301401,0,0,0,52,2,2,114,.,1,0,1
301401,0,0,0,47,4,3,138,.,1,0,1
301401,0,0,0,61,6,4,163,.,1,0,1
302301,1,0,0,38,1,2,106,0,1,0,1
302301,1,0,0,49,4,3,131,0,1,0,1
302702,0,0,0,43,2,2,108,.,0,1,1
302702,0,0,0,47,3,3,131,.,0,1,1
302702,0,0,0,56,5,4,155,.,0,0,1
302703,0,0,4,28,0,2,85,.,0,3,1
302703,0,0,4,43,1,3,108,.,0,2,1
304103,0,0,2,26,0,2,95,.,1,1,1
304103,0,0,2,42,2,3,120,.,1,1,1
304605,0,0,1,31,2,2,108,.,0,0,1
304605,0,0,1,49,4,3,134,.,0,.,1
304605,0,0,1,48,5,4,153,.,1,0,1
307301,1,0,0,43,0,2,97,0,1,0,1
307301,1,0,0,44,2,3,121,0,1,2,1
307301,1,0,0,57,4,4,144,1,1,5,1
307301,1,0,0,58,6,5,168,1,1,5,1
307501,0,0,3,25,1,2,95,.,0,0,1
307501,0,0,3,45,4,3,140,.,1,3,1
309802,1,0,2,54,1,2,112,0,1,2,1
309802,1,0,2,64,3,3,137,0,1,1,1
309901,1,0,2,48,1,2,104,0,1,1,1
309901,1,0,2,44,2,3,128,0,1,1,1
310101,1,0,0,32,0,2,89,0,0,0,1
310101,1,0,0,54,4,3,137,0,0,0,1
311301,1,0,1,38,1,2,99,0,0,2,1
311301,1,0,1,42,3,3,124,0,0,2,1
311701,0,0,2,42,2,3,109,.,0,2,1
312102,0,0,3,41,1,2,99,.,0,2,1
312102,0,0,3,54,3,3,124,.,0,1,1
312201,0,0,1,56,2,2,119,.,1,1,1
312201,0,0,1,58,4,3,142,.,1,0,1
312901,1,0,1,35,0,2,92,0,1,2,1
312901,1,0,1,36,2,3,117,0,1,1,1
312901,1,0,1,46,4,4,141,0,1,3,1
312901,1,0,1,49,6,5,165,1,1,2,1
314501,0,0,0,62,2,2,118,.,0,0,1
314501,0,0,0,67,3,3,139,.,1,0,1
315001,1,1,2,47,2,2,117,0,1,1,0
315001,1,1,2,62,4,3,142,0,1,2,0
315001,1,1,2,65,6,4,165,1,1,0,0
315002,0,1,2,62,2,2,117,.,1,2,0
315002,0,1,2,72,4,3,142,.,1,2,0
315002,0,1,2,80,6,4,165,.,1,0,0
315602,0,0,2,52,1,2,110,.,1,1,1
315602,0,0,2,64,3,3,133,.,1,1,1
316301,0,0,0,39,0,2,99,.,0,0,1
316301,0,0,0,64,3,3,123,.,0,0,1
316501,1,0,0,44,1,2,112,0,1,0,1
316501,1,0,0,56,3,3,136,0,1,1,1
316501,1,0,0,61,5,4,159,1,1,1,1
316502,1,0,0,45,1,2,105,0,1,0,1
316502,1,0,0,50,3,3,128,0,1,0,1
319002,1,1,0,42,2,3,117,0,0,0,0
319801,0,0,1,44,1,2,102,.,0,3,1
319801,0,0,1,45,2,3,125,.,0,3,1
320101,0,0,3,38,0,2,98,.,0,5,1
320101,0,0,3,52,4,3,147,.,0,6,1
320101,0,0,3,53,6,4,168,.,1,5,1
320102,1,0,5,48,1,2,112,0,1,5,1
320102,1,0,5,58,3,3,136,0,1,3,1
322505,0,0,0,43,0,2,102,.,1,0,1
322505,0,0,0,65,2,3,125,.,1,1,1
324401,0,0,1,51,2,2,105,.,1,2,1
324401,0,0,1,67,3,3,129,.,1,2,1
324401,0,0,1,76,5,4,153,.,1,4,1
324402,1,0,0,45,1,2,114,0,1,0,1
324402,1,0,0,60,4,3,137,0,1,0,1
324402,1,0,0,66,5,4,161,0,1,0,1
324801,0,0,1,67,4,3,140,.,1,2,1
325401,1,0,0,25,0,2,91,0,1,2,1
325401,1,0,0,45,2,3,116,0,1,1,1
325401,1,0,0,59,4,4,140,0,1,4,1
325401,1,0,0,52,6,5,165,1,1,2,1
325402,0,0,4,57,1,2,108,.,1,2,1
325402,0,0,4,70,3,3,132,.,1,4,1
325402,0,0,4,71,5,4,155,.,1,3,1
325904,1,0,0,41,4,3,154,1,1,0,1
326901,0,0,4,47,3,3,130,.,1,1,1
326901,0,0,4,50,5,4,154,.,1,3,1
328702,1,0,7,54,1,2,110,0,1,4,1
328702,1,0,7,46,3,3,133,0,1,2,1
328703,0,0,3,40,0,2,94,.,1,4,1
328703,0,0,3,50,2,3,116,.,1,2,1
330601,0,0,2,31,0,2,92,.,0,1,1
330601,0,0,2,40,2,3,116,.,0,0,1
330601,0,0,2,50,5,4,141,.,0,0,1
330601,0,0,2,47,6,5,166,.,0,0,1
331506,0,0,1,20,0,2,83,.,0,1,1
331506,0,0,1,34,1,3,109,.,0,0,1
334201,1,0,2,48,2,2,110,0,1,1,1
334201,1,0,2,46,3,3,134,0,1,1,1
334201,1,0,2,44,5,4,158,1,1,1,1
335001,0,1,1,54,2,2,110,.,1,2,0
335001,0,1,1,53,3,3,134,.,1,1,0
335001,0,1,1,69,5,4,157,.,1,3,0
335002,1,0,1,42,0,2,93,0,1,4,1
335002,1,0,1,50,2,3,115,0,1,2,1
335501,1,0,5,25,0,2,88,0,0,2,1
335501,1,0,5,50,3,3,133,0,1,3,1
336401,1,0,3,39,0,2,96,0,1,.,1
336401,1,0,3,46,2,3,119,0,1,6,1
336401,1,0,3,50,6,4,167,1,1,4,1
336902,0,0,0,40,1,2,107,.,0,2,1
336902,0,0,0,44,4,3,153,.,1,0,1
340702,0,0,2,42,0,2,97,.,1,1,1
340702,0,0,2,62,4,3,145,.,1,2,1
340702,0,0,2,72,6,4,169,.,1,1,1
340801,1,0,2,34,1,2,97,0,0,2,1
340801,1,0,2,42,3,3,121,0,0,3,1
342301,1,1,2,48,1,2,111,0,1,3,0
342301,1,1,2,67,3,3,136,0,1,2,0
342301,1,1,2,67,6,4,162,1,0,2,0
342302,1,1,0,45,1,2,111,0,1,1,0
342302,1,1,0,49,3,3,136,0,1,1,0
342302,1,1,0,68,6,4,162,1,0,1,0
342402,1,0,0,48,1,2,106,0,1,2,1
342402,1,0,0,63,3,3,131,0,1,1,1
342402,1,0,0,64,5,4,156,1,1,3,1
343302,1,0,1,51,2,2,122,0,1,0,1
343302,1,0,1,46,4,3,147,1,1,3,1
344602,1,0,0,28,0,2,86,0,0,0,1
344602,1,0,0,53,2,3,111,0,0,1,1
346501,1,0,3,51,1,2,110,0,1,0,1
346501,1,0,3,53,3,3,135,0,1,0,1
347603,0,0,0,46,2,2,126,.,1,0,1
347603,0,0,0,52,4,3,150,.,1,0,1
348103,1,0,3,36,0,2,95,0,1,3,1
348103,1,0,3,51,2,3,118,0,1,1,1
349101,0,0,1,31,0,2,93,.,0,2,1
349101,0,0,1,59,3,3,137,.,1,1,1
352201,1,0,2,50,2,2,118,0,0,2,1
352201,1,0,2,51,3,3,139,0,1,5,1
353101,1,0,2,43,1,2,115,0,1,1,1
353101,1,0,2,42,3,3,140,0,1,1,1
353102,0,0,0,34,0,2,100,.,1,1,1
353102,0,0,0,44,3,3,130,.,0,1,1
354502,1,0,1,50,1,2,109,0,1,1,1
354502,1,0,1,65,3,3,132,0,1,2,1
354503,1,0,1,46,0,2,97,0,1,2,1
354503,1,0,1,68,4,3,146,1,1,1,1
354801,1,0,0,27,1,2,98,0,0,0,1
354801,1,0,0,45,3,3,122,0,0,1,1
354801,1,0,0,46,4,4,142,0,1,0,1
356402,0,0,0,36,1,2,119,.,1,0,1
356402,0,0,0,46,3,3,143,.,1,0,1
356402,0,0,0,45,5,4,166,.,1,0,1
357203,1,0,0,49,2,2,125,0,1,0,1
357203,1,0,0,68,4,3,148,0,1,0,1
358401,0,1,1,56,2,2,119,.,1,6,0
358401,0,1,1,62,4,3,143,.,1,6,0
358601,0,0,3,46,1,2,106,.,1,4,1
358601,0,0,3,59,4,3,133,.,0,2,1
360901,1,0,1,48,0,2,105,0,1,0,1
360901,1,0,1,57,2,3,130,0,1,0,1
360903,0,0,0,40,0,2,103,.,1,0,1
360903,0,0,0,51,2,3,125,.,1,0,1
362402,1,0,1,63,3,3,118,0,1,0,1
363501,0,0,3,29,1,2,108,.,0,2,1
363501,0,0,3,46,3,3,130,.,0,2,1
364103,0,0,0,35,0,2,94,.,1,0,1
364103,0,0,0,55,3,3,119,.,1,1,1
367903,1,0,0,26,1,2,109,0,0,1,1
367903,1,0,0,43,3,3,134,0,0,0,1
367903,1,0,0,43,4,4,154,0,1,1,1
369702,0,1,0,24,0,2,93,.,0,0,0
369702,0,1,0,50,1,3,119,.,0,0,0
369702,0,1,0,48,5,4,163,.,1,0,0
369704,1,0,1,34,1,2,108,0,0,1,1
369704,1,0,1,43,4,3,153,1,1,1,1
370303,1,1,3,26,0,2,101,0,0,3,0
370303,1,1,3,22,2,3,125,0,0,4,0
371502,0,0,0,32,0,2,104,.,1,0,1
371502,0,0,0,62,4,3,152,.,1,5,1
371503,0,0,2,64,2,2,128,.,1,4,1
371503,0,0,2,64,4,3,150,.,1,5,1
372901,0,0,4,34,0,2,104,.,0,5,1
372901,0,0,4,46,2,3,128,.,0,3,1
373401,1,0,2,44,1,2,98,0,0,1,1
373401,1,0,2,50,4,3,143,0,1,1,1
373401,1,0,2,52,6,4,167,1,1,0,1
373402,0,0,2,43,2,2,122,.,1,2,1
373402,0,0,2,58,4,3,146,.,1,2,1
373701,0,0,0,39,1,2,108,.,1,1,1
373701,0,0,0,48,3,3,131,.,1,0,1
373702,1,0,2,37,0,2,93,0,1,2,1
373702,1,0,2,54,2,3,116,0,1,3,1
374001,0,0,3,54,1,3,131,.,1,7,1
374001,0,0,3,47,4,4,154,.,1,6,1
374601,1,0,1,30,0,2,90,0,0,2,1
374601,1,0,1,54,4,3,139,0,0,1,1
374601,1,0,1,65,6,4,162,1,0,1,1
374603,0,0,2,58,1,2,109,.,1,1,1
374603,0,0,2,71,4,3,136,.,0,0,1
375303,1,0,0,45,1,2,101,0,0,0,1
375303,1,0,0,45,3,3,125,0,0,0,1
375303,1,0,0,49,4,4,146,0,1,0,1
375303,1,0,0,67,6,5,170,1,1,0,1
379301,1,0,0,27,0,2,95,0,0,2,1
379301,1,0,0,39,1,3,119,0,0,2,1
379801,1,0,0,45,1,3,113,0,1,0,1
379805,0,0,1,41,0,2,97,.,1,0,1
379805,0,0,1,57,2,3,121,.,1,0,1
380201,0,0,2,38,0,2,92,.,1,2,1
380201,0,0,2,62,3,3,121,.,0,2,1
380201,0,0,2,65,4,4,141,.,1,0,1
380201,0,0,2,72,6,5,166,.,1,0,1
381701,0,0,1,57,1,2,114,.,1,2,1
381701,0,0,1,69,3,3,137,.,1,3,1
382101,1,0,1,37,1,2,103,0,0,3,1
382101,1,0,1,43,4,3,151,1,0,1,1
389902,0,0,2,46,0,2,97,.,1,2,1
389902,0,0,2,52,3,3,120,.,1,1,1
389902,0,0,2,69,4,4,144,.,1,1,1
389903,1,0,0,47,1,2,103,0,1,0,1
389903,1,0,0,57,2,3,127,0,1,0,1
389903,1,0,0,69,5,4,156,0,0,1,1
389904,1,0,0,56,2,3,117,0,0,0,1
389904,1,0,0,65,6,4,161,0,1,3,1
392102,1,0,2,41,1,2,114,0,1,1,1
392102,1,0,2,57,3,3,138,1,1,2,1
392102,1,0,2,69,5,4,162,1,1,2,1
392103,0,0,0,47,0,2,97,.,1,3,1
392103,0,0,0,44,2,3,121,.,1,4,1
392103,0,0,0,62,4,4,145,.,1,4,1
392301,1,0,0,39,1,2,111,0,1,0,1
392301,1,0,0,63,3,3,135,0,1,0,1
392301,1,0,0,72,5,4,159,1,1,1,1
392303,1,0,6,51,0,2,94,0,1,4,1
392303,1,0,6,56,2,3,118,0,1,5,1
392303,1,0,6,76,6,4,165,1,1,1,1
392401,0,0,2,40,0,2,101,.,1,2,1
392401,0,0,2,64,2,3,125,.,1,0,1
392402,0,0,2,52,0,2,101,.,1,0,1
392402,0,0,2,68,2,3,125,.,1,1,1
396202,1,0,0,30,4,3,155,0,1,1,1
397202,0,0,0,53,0,2,100,.,1,1,1
397202,0,0,0,52,2,3,125,.,1,1,1
399503,1,1,0,30,0,2,89,0,0,0,0
399503,1,1,0,54,3,3,133,0,1,0,0
399503,1,1,0,48,5,4,155,1,1,0,0
400101,1,0,1,56,1,2,118,0,1,0,1
400101,1,0,1,64,3,3,142,0,1,0,1
400101,1,0,1,63,5,4,166,1,1,1,1
403701,0,0,0,43,2,2,116,.,1,1,1
403701,0,0,0,50,3,3,141,.,1,1,1
404503,1,0,0,44,1,2,109,0,0,0,1
404503,1,0,0,57,4,3,154,1,1,0,1
405002,1,0,3,47,1,2,109,0,1,2,1
405002,1,0,3,61,4,3,137,0,0,3,1
405002,1,0,3,67,6,4,161,1,0,4,1
407702,1,0,0,21,1,2,108,0,1,2,1
407702,1,0,0,42,2,3,132,0,1,0,1
407702,1,0,0,43,4,4,156,0,1,0,1
408501,0,0,4,31,1,2,98,.,0,1,1
408501,0,0,4,50,4,3,146,.,0,2,1
411002,0,0,4,41,0,2,107,.,1,4,1
411002,0,0,4,47,3,3,136,.,0,2,1
411002,0,0,4,53,4,4,156,.,1,4,1
413202,1,0,2,47,1,2,123,0,1,3,1
413202,1,0,2,27,3,3,146,0,1,2,1
413202,1,0,2,46,6,4,175,1,0,0,1
413203,1,0,0,37,0,2,100,0,1,0,1
413203,1,0,0,42,2,3,123,0,1,0,1
413203,1,0,0,47,5,4,152,1,0,0,1
413203,1,0,0,44,6,5,172,1,1,0,1
413301,0,0,2,34,0,2,98,.,0,0,1
413301,0,0,2,39,2,3,122,.,0,1,1
419401,0,0,0,19,0,2,97,.,0,0,1
419401,0,0,0,57,3,3,139,.,1,0,1
419401,0,0,0,51,5,4,166,.,0,2,1
420001,0,0,1,30,2,2,105,.,1,0,1
420001,0,0,1,44,3,3,129,.,1,0,1
420001,0,0,1,52,6,4,156,.,0,0,1
421001,1,0,1,44,1,2,101,0,1,0,1
421001,1,0,1,51,4,3,130,0,0,1,1
421001,1,0,1,51,5,4,152,.,0,0,1
422401,0,0,0,45,0,2,105,.,1,0,1
422401,0,0,0,59,3,3,133,.,0,0,1
422401,0,0,0,60,4,4,153,.,1,0,1
424602,0,0,1,52,1,3,116,.,1,0,1
424602,0,0,1,53,3,4,140,.,1,.,1
424602,0,0,1,70,5,5,163,.,1,0,1
425401,1,0,0,43,0,2,104,0,1,0,1
425401,1,0,0,55,3,3,129,0,1,0,1
425401,1,0,0,65,4,4,154,0,1,0,1
425402,0,0,0,34,1,2,99,.,1,2,1
425402,0,0,0,55,3,3,124,.,1,1,1
425402,0,0,0,73,6,4,171,.,1,0,1
425601,0,0,1,51,2,2,123,.,0,0,1
425601,0,0,1,54,4,3,148,.,0,0,1
427502,1,0,1,28,0,2,108,0,0,1,1
427502,1,0,1,38,2,3,128,0,1,1,1
427703,0,0,1,40,2,2,121,.,0,2,1
427703,0,0,1,54,4,3,145,.,0,2,1
431002,1,0,1,40,0,2,101,0,1,2,1
431002,1,0,1,47,3,3,131,0,0,2,1
433901,1,0,3,66,2,2,109,0,1,3,1
433901,1,0,3,65,3,3,132,0,1,2,1
433901,1,0,3,70,5,4,155,1,1,3,1
433902,0,0,3,51,1,2,95,.,1,1,1
433902,0,0,3,58,2,3,118,.,1,2,1
433902,0,0,3,64,4,4,141,.,1,2,1
435201,1,1,0,57,2,2,129,0,1,4,0
435201,1,1,0,71,4,3,151,1,1,1,0
436602,0,0,1,30,1,2,93,.,1,2,1
436602,0,0,1,53,2,3,117,.,1,2,1
436602,0,0,1,54,5,4,141,.,1,1,1
436602,0,0,1,59,6,5,165,.,1,1,1
437201,1,0,2,45,0,2,102,0,1,3,1
437201,1,0,2,61,3,3,128,1,1,1,1
439602,0,0,0,38,2,2,108,.,0,0,1
439602,0,0,0,49,4,3,132,.,0,3,1
439602,0,0,0,51,5,4,153,.,1,3,1
442301,1,0,3,47,1,2,109,0,1,1,1
442301,1,0,3,67,3,3,132,0,1,1,1
442401,0,0,2,44,0,2,95,.,1,0,1
442401,0,0,2,48,2,3,119,.,1,2,1
442401,0,0,2,56,4,4,143,.,1,3,1
442401,0,0,2,69,6,5,167,.,1,1,1
442801,0,0,3,53,0,2,103,.,1,3,1
442801,0,0,3,65,2,3,126,.,1,4,1
443701,1,0,1,50,1,2,113,0,1,3,1
443701,1,0,1,47,3,3,137,0,1,2,1
443701,1,0,1,63,5,4,160,1,1,3,1
443702,0,0,1,40,1,2,110,.,1,2,1
443702,0,0,1,59,3,3,134,.,1,2,1
443902,0,0,3,50,2,2,119,.,1,4,1
443902,0,0,3,55,4,3,143,.,1,4,1
444702,0,0,0,45,1,2,112,.,1,0,1
444702,0,0,0,52,3,3,136,.,1,0,1
448304,1,0,4,38,0,2,114,0,0,2,1
448304,1,0,4,45,3,3,136,0,0,2,1
449401,1,0,2,49,2,2,113,0,0,1,1
449401,1,0,2,57,3,3,133,1,1,0,1
449501,0,0,1,55,2,2,124,.,1,2,1
449501,0,0,1,69,4,3,147,.,1,1,1
449501,0,0,1,74,6,4,170,.,1,0,1
449601,0,0,0,45,1,2,111,.,0,1,1
449601,0,0,0,52,4,3,136,.,0,2,1
449601,0,0,0,46,6,4,159,.,0,1,1
449602,1,1,4,37,0,2,89,0,0,2,0
449602,1,1,4,53,2,3,115,0,0,3,0
449602,1,1,4,67,6,4,161,1,0,1,0
452601,0,0,0,48,1,2,111,.,1,2,1
452601,0,0,0,57,3,3,134,.,1,3,1
453601,0,0,1,50,1,2,112,.,0,2,1
453601,0,0,1,55,3,3,132,.,1,1,1
453601,0,0,1,64,5,4,156,.,1,1,1
453602,1,0,2,25,1,2,106,0,1,0,1
453602,1,0,2,47,3,3,130,0,1,0,1
453801,0,0,0,43,1,2,121,.,1,2,1
453801,0,0,0,63,4,3,147,.,0,2,1
453801,0,0,0,64,6,4,171,.,0,2,1
453802,1,0,1,36,2,2,121,0,0,2,1
453802,1,0,1,52,4,3,144,1,0,2,1
453901,1,0,0,47,0,2,104,0,1,0,1
453901,1,0,0,61,2,3,129,0,1,0,1
453901,1,0,0,63,5,4,156,0,0,0,1
453902,1,0,0,51,1,2,114,0,1,2,1
453902,1,0,0,67,4,3,141,0,0,2,1
456401,0,0,4,28,0,2,83,.,0,3,1
456401,0,0,4,55,1,3,103,.,1,4,1
457002,0,0,0,42,0,2,97,.,0,1,1
457002,0,0,0,63,4,3,142,.,1,0,1
458902,1,1,5,26,1,2,101,0,0,3,0
458902,1,1,5,45,4,3,147,1,1,4,0
459201,0,0,0,52,0,2,102,.,1,1,1
459201,0,0,0,58,2,3,126,.,1,1,1
461402,1,0,4,17,0,2,83,0,0,5,1
461402,1,0,4,38,1,3,104,0,1,6,1
463102,1,0,0,25,0,2,101,0,1,0,1
463102,1,0,0,42,2,3,126,0,1,0,1
463702,0,0,0,53,2,2,125,.,1,1,1
463702,0,0,0,68,4,3,148,.,1,1,1
466201,1,0,0,50,0,2,101,0,1,1,1
466201,1,0,0,63,2,3,125,0,1,0,1
468301,1,1,0,48,1,2,107,0,1,0,0
468301,1,1,0,64,3,3,130,1,1,0,0
468301,1,1,0,70,5,4,154,1,1,0,0
468302,0,1,0,19,0,2,101,.,1,0,0
468302,0,1,0,43,2,3,125,.,1,0,0
468303,1,1,0,44,0,2,101,0,1,0,0
468303,1,1,0,60,2,3,125,0,1,0,0
471701,0,0,2,33,0,2,101,.,1,3,1
471701,0,0,2,64,2,3,127,.,1,4,1
471702,1,0,0,40,0,2,96,0,1,0,1
471702,1,0,0,64,6,4,167,1,1,0,1
472303,1,0,0,43,0,2,100,0,1,0,1
472303,1,0,0,54,2,3,124,0,1,2,1
472303,1,0,0,69,4,4,148,0,1,1,1
474602,1,0,0,45,1,2,104,0,1,3,1
474602,1,0,0,45,4,3,134,0,0,1,1
474602,1,0,0,61,5,4,153,0,1,1,1
474603,0,0,2,44,1,2,104,.,0,1,1
474603,0,0,2,54,2,3,123,.,1,1,1
474603,0,0,2,64,6,4,171,.,1,0,1
474604,0,0,0,28,0,2,98,.,1,0,1
474604,0,0,0,65,4,3,147,.,1,0,1
475401,0,0,5,52,1,2,92,.,0,3,1
475401,0,0,5,76,4,3,136,.,1,5,1
476601,1,0,0,39,0,2,92,0,1,0,1
476601,1,0,0,52,2,3,120,0,0,.,1
478501,1,0,0,30,0,2,97,0,1,0,1
478501,1,0,0,44,2,3,120,0,1,0,1
478501,1,0,0,57,4,4,144,1,1,1,1
480103,0,0,3,53,1,2,102,.,0,2,1
480103,0,0,3,55,3,3,125,.,0,1,1
481502,0,0,1,50,1,2,107,.,1,2,1
481502,0,0,1,58,3,3,131,.,1,3,1
481502,0,0,1,63,5,4,155,.,1,3,1
482002,0,0,3,49,0,2,102,.,1,2,1
482002,0,0,3,60,2,3,126,.,1,1,1
482602,1,0,0,49,1,2,109,0,0,0,1
482602,1,0,0,73,4,3,154,0,1,0,1
487101,0,0,3,44,1,2,113,.,1,2,1
487101,0,0,3,41,3,3,137,.,1,2,1
488001,1,0,0,60,1,2,116,0,1,0,1
488001,1,0,0,66,4,3,140,0,1,1,1
488201,1,0,1,37,0,2,89,0,0,0,1
488201,1,0,1,59,3,3,134,0,1,2,1
488201,1,0,1,74,5,4,157,1,1,3,1
488202,0,0,0,47,1,2,106,.,1,1,1
488202,0,0,0,55,3,3,129,.,1,0,1
488202,0,0,0,65,5,4,154,.,1,0,1
489902,0,0,2,34,0,2,94,.,1,4,1
489902,0,0,2,50,4,3,143,.,1,3,1
492501,0,0,2,36,0,2,87,.,0,1,1
492501,0,0,2,58,3,3,132,.,1,1,1
492501,0,0,2,74,5,4,156,.,1,1,1
492502,1,0,1,47,1,2,112,0,1,1,1
492502,1,0,1,56,3,3,136,0,1,1,1
492503,0,0,2,36,0,2,98,.,1,0,1
492503,0,0,2,45,2,3,122,.,1,0,1
493003,0,0,2,25,0,2,99,.,1,2,1
493003,0,0,2,51,4,3,147,.,1,1,1
493301,0,0,1,53,2,2,113,.,0,1,1
493301,0,0,1,42,4,3,133,.,1,1,1
495202,1,1,0,48,1,2,115,0,1,0,0
495202,1,1,0,59,3,3,140,0,1,0,0
497302,0,0,3,42,1,2,120,.,0,2,1
497302,0,0,3,48,3,3,141,.,1,.,1
497302,0,0,3,70,5,4,166,.,1,2,1
497303,1,0,1,44,1,2,116,0,1,0,1
497303,1,0,1,54,3,3,141,0,1,0,1
497304,0,0,2,40,0,2,100,.,1,1,1
497304,0,0,2,55,2,3,124,.,1,0,1
497403,0,0,6,38,0,2,104,.,1,7,1
497403,0,0,6,59,3,3,132,.,0,6,1
499703,0,0,1,51,3,3,140,.,0,0,1
502802,1,0,0,35,1,2,93,0,1,1,1
502802,1,0,0,51,2,3,118,0,1,1,1
502802,1,0,0,70,4,4,141,0,1,0,1
503201,1,0,2,61,1,2,116,0,1,2,1
503201,1,0,2,61,3,3,139,0,1,.,1
503201,1,0,2,73,5,4,164,1,1,1,1
504101,1,0,1,62,1,2,107,0,1,1,1
504101,1,0,1,60,3,3,130,0,1,2,1
506601,0,0,2,28,1,2,104,.,1,3,1
506601,0,0,2,42,4,3,129,.,1,2,1
506602,1,0,1,39,1,2,112,0,1,1,1
506602,1,0,1,45,3,3,136,0,1,1,1
509801,1,0,2,35,1,2,103,0,0,1,1
509801,1,0,2,45,3,3,127,0,0,0,1
509802,0,1,1,36,1,2,103,.,0,2,0
509802,0,1,1,50,3,3,127,.,0,2,0
510002,1,0,0,29,1,2,101,0,0,1,1
510002,1,0,0,52,3,3,124,0,0,1,1
510002,1,0,0,60,5,4,148,0,0,1,1
510002,1,0,0,69,6,5,169,1,1,1,1
510301,1,0,2,37,1,2,99,0,0,2,1
510301,1,0,2,49,2,3,119,0,1,1,1
510301,1,0,2,42,4,4,143,0,1,3,1
510401,1,0,1,30,0,2,94,0,0,1,1
510401,1,0,1,52,2,3,118,0,0,1,1
511901,0,0,1,39,1,2,102,.,0,0,1
511901,0,0,1,48,3,3,126,.,0,0,1
511901,0,0,1,58,5,4,150,.,0,1,1
513404,1,0,2,30,1,2,114,0,1,1,1
513404,1,0,2,42,3,3,137,0,1,1,1
513404,1,0,2,62,5,4,160,1,1,3,1
513405,0,1,2,45,1,2,113,.,1,0,0
513405,0,1,2,35,3,3,136,.,1,2,0
515102,0,0,0,38,0,2,93,.,0,0,1
515102,0,0,0,64,2,3,116,.,0,0,1
515102,0,0,0,61,3,4,137,.,1,1,1
515102,0,0,0,66,6,5,162,.,1,1,1
516401,1,0,2,51,3,3,134,0,1,2,1
518003,1,0,1,50,1,3,106,0,1,1,1
518003,1,0,1,67,5,4,154,1,1,1,1
519101,0,0,2,17,1,2,118,.,1,0,1
519101,0,0,2,25,3,3,142,.,1,0,1
519503,0,0,0,47,2,2,120,.,1,1,1
519503,0,0,0,46,4,3,144,.,1,0,1
519503,0,0,0,53,6,4,168,.,1,0,1
521602,1,0,3,37,2,2,115,0,0,2,1
521602,1,0,3,47,3,3,136,0,1,1,1
521602,1,0,3,43,5,4,160,1,1,4,1
522401,1,0,1,31,1,2,97,0,0,1,1
522401,1,0,1,38,3,3,121,0,0,1,1
523101,0,0,0,27,1,2,96,.,0,0,1
523101,0,0,0,51,4,3,141,.,1,3,1
523101,0,0,0,53,6,4,165,.,1,0,1
523201,0,0,4,26,0,2,99,.,1,5,1
523201,0,0,4,46,3,3,126,.,0,3,1
523201,0,0,4,51,5,4,146,.,1,4,1
523202,0,0,0,30,0,2,82,.,1,1,1
523202,0,0,0,40,1,3,106,.,1,1,1
524701,1,0,1,42,2,2,108,0,0,1,1
524701,1,0,1,48,4,3,132,0,0,0,1
524702,1,0,0,35,0,2,87,0,0,0,1
524702,1,0,0,53,2,3,111,0,0,0,1
524702,1,0,0,52,5,4,154,1,1,2,1
525801,0,0,3,66,2,2,122,.,1,2,1
525801,0,0,3,58,4,3,146,.,1,3,1
525801,0,0,3,80,6,4,170,.,1,0,1
527204,1,0,0,27,0,2,94,0,1,0,1
527204,1,0,0,53,4,3,144,0,1,0,1
527204,1,0,0,49,6,4,168,1,1,1,1
531401,0,0,2,36,0,2,106,.,1,1,1
531401,0,0,2,65,4,3,154,.,1,3,1
531402,0,0,1,64,2,2,131,.,1,0,1
531402,0,0,1,61,4,3,156,.,1,0,1
531404,0,0,0,53,1,3,116,.,1,0,1
531404,0,0,0,61,3,4,139,.,1,0,1
531704,1,0,1,39,1,3,109,0,1,2,1
531704,1,0,1,43,3,4,132,0,1,3,1
532601,0,0,1,55,2,2,131,.,1,0,1
532601,0,0,1,53,4,3,155,.,1,1,1
532802,0,0,8,47,1,2,116,.,1,4,1
532802,0,0,8,44,4,3,166,.,1,8,1
533002,0,0,3,26,1,2,104,.,1,4,1
533002,0,0,3,55,4,3,153,.,1,1,1
533003,0,1,3,57,1,2,131,.,1,2,0
533003,0,1,3,67,4,3,154,.,1,3,0
534103,0,0,0,60,0,2,106,.,1,0,1
534103,0,0,0,66,2,3,130,.,1,0,1
534103,0,0,0,78,4,4,154,.,1,0,1
537002,0,0,0,56,2,2,119,.,0,0,1
537002,0,0,0,56,3,3,140,.,1,1,1
537002,0,0,0,51,5,4,163,.,1,1,1
537302,0,0,0,35,0,2,101,.,1,1,1
537302,0,0,0,52,3,3,129,.,0,0,1
537302,0,0,0,65,4,4,151,.,1,2,1
537304,1,0,2,51,0,2,95,0,1,0,1
537304,1,0,2,75,4,3,143,0,1,0,1
537602,1,0,2,37,0,2,96,0,1,2,1
537602,1,0,2,46,3,3,124,0,0,2,1
537602,1,0,2,64,4,4,145,0,1,1,1
538102,1,0,1,32,0,2,95,0,1,1,1
538102,1,0,1,47,3,3,123,0,0,0,1
538703,1,0,4,26,0,2,96,0,1,1,1
538703,1,0,4,52,2,3,120,0,1,1,1
538703,1,0,4,64,4,4,144,0,1,2,1
538704,0,0,1,45,0,2,104,.,1,3,1
538704,0,0,1,51,2,3,128,.,1,4,1
542702,1,0,0,41,1,2,114,0,0,1,1
542702,1,0,0,46,3,3,135,0,1,0,1
542702,1,0,0,52,5,4,159,0,1,1,1
542703,1,0,0,31,0,2,104,0,1,2,1
542703,1,0,0,33,3,3,133,0,0,2,1
542703,1,0,0,50,4,4,153,1,1,0,1
542802,0,0,2,61,1,2,106,.,1,4,1
542802,0,0,2,61,3,3,129,.,1,2,1
543601,1,0,0,35,0,2,99,0,1,0,1
543601,1,0,0,44,3,3,127,0,0,0,1
543601,1,0,0,47,5,4,151,1,0,0,1
543601,1,0,0,49,6,5,172,1,1,0,1
543602,0,0,0,28,1,2,113,.,0,2,1
543602,0,0,0,32,3,3,137,.,0,0,1
543602,0,0,0,51,4,4,158,.,1,0,1
545402,1,0,2,27,1,3,113,0,1,1,1
546505,1,0,1,28,0,2,98,0,1,0,1
546505,1,0,1,31,4,3,148,1,1,2,1
546505,1,0,1,35,6,4,172,1,1,2,1
546702,0,0,2,21,1,2,117,.,1,0,1
547701,1,0,1,38,1,2,106,0,0,0,1
547701,1,0,1,52,3,3,130,0,0,0,1
548501,1,0,0,51,2,2,123,0,1,0,1
548501,1,0,0,48,4,3,147,1,1,0,1
548501,1,0,0,57,6,4,170,1,1,0,1
549801,1,0,1,43,1,2,101,0,0,2,1
549801,1,0,1,43,3,3,123,0,0,1,1
550901,0,0,2,22,0,2,103,.,0,2,1
550901,0,0,2,36,4,3,151,.,0,0,1
551501,0,0,0,22,0,2,95,.,0,0,1
551501,0,0,0,32,2,3,119,.,0,0,1
552203,1,0,1,52,1,2,115,0,1,0,1
552203,1,0,1,54,4,3,139,0,1,0,1
553701,1,0,3,23,1,2,115,0,1,4,1
553701,1,0,3,45,3,3,137,1,1,4,1
553701,1,0,3,53,6,4,162,1,1,5,1
553702,1,0,2,37,1,2,112,0,1,2,1
553702,1,0,2,47,4,3,137,0,1,5,1
556101,1,0,2,27,0,2,88,0,0,2,1
556101,1,0,2,35,2,3,114,0,0,1,1
556101,1,0,2,46,3,4,133,0,1,2,1
556101,1,0,2,39,5,5,156,1,1,1,1
556801,0,0,0,39,1,3,111,.,1,0,1
556801,0,0,0,50,4,4,136,.,1,0,1
558301,0,0,2,38,2,2,116,.,0,3,1
558301,0,0,2,38,4,3,142,.,0,3,1
558301,0,0,2,45,6,4,166,.,0,4,1
559302,0,0,4,28,1,2,107,.,0,3,1
559302,0,0,4,46,3,3,129,.,0,2,1
560902,0,0,4,38,1,2,113,.,0,3,1
560902,0,0,4,41,3,3,139,.,0,3,1
560902,0,0,4,47,5,4,162,.,0,3,1
561202,0,0,1,43,1,2,105,.,0,1,1
561202,0,0,1,45,3,3,130,.,0,1,1
561402,0,0,4,41,1,2,107,.,0,1,1
561402,0,0,4,46,4,3,150,.,1,2,1
564001,1,0,1,48,2,2,126,0,0,0,1
564001,1,0,1,41,4,3,150,0,0,1,1
564001,1,0,1,42,6,4,173,.,0,0,1
564002,0,0,2,16,0,2,97,.,0,0,1
564002,0,0,2,35,2,3,122,.,0,2,1
564002,0,0,2,45,6,4,170,.,0,0,1
565601,0,0,0,30,0,2,85,.,0,0,1
565601,0,0,0,62,1,3,110,.,0,0,1
565601,0,0,0,66,4,4,153,.,1,1,1
567002,1,0,1,49,1,2,113,0,1,.,1
567002,1,0,1,53,3,3,136,0,1,0,1
570601,1,0,2,45,2,2,140,1,1,1,1
570601,1,0,2,48,4,3,163,1,1,1,1
571201,0,0,2,46,2,2,117,.,1,2,1
571201,0,0,2,34,3,3,141,.,1,2,1
571801,1,0,0,42,2,2,118,0,1,0,1
571801,1,0,0,60,4,3,142,0,1,0,1
571802,1,0,2,48,1,2,112,0,1,2,1
571802,1,0,2,60,4,3,136,0,1,1,1
572402,0,0,2,25,1,2,106,.,0,2,1
572402,0,0,2,44,3,3,131,.,0,2,1
572402,0,0,2,46,5,4,155,.,0,0,1
572801,1,0,1,26,0,2,85,0,0,1,1
572801,1,0,1,44,1,3,106,0,1,0,1
572801,1,0,1,60,3,4,129,0,1,1,1
572801,1,0,1,68,5,5,154,0,1,3,1
572802,0,0,1,45,1,2,113,.,1,4,1
572802,0,0,1,50,4,3,140,.,0,3,1
572802,0,0,1,61,5,4,161,.,1,3,1
572803,0,0,3,43,2,2,115,.,0,1,1
572803,0,0,3,56,3,3,136,.,1,3,1
572803,0,0,3,60,5,4,160,.,1,2,1
574003,0,0,2,26,0,2,107,.,0,2,1
574003,0,0,2,42,4,3,156,.,0,0,1
574102,1,0,1,40,2,3,113,0,0,1,1
574102,1,0,1,57,5,4,158,1,1,1,1
574602,0,0,1,42,0,2,103,.,1,0,1
574602,0,0,1,49,2,3,127,.,1,2,1
574603,1,0,1,52,3,3,141,0,1,2,1
574603,1,0,1,68,5,4,165,1,1,5,1
580202,1,0,2,60,2,2,108,0,1,4,1
580202,1,0,2,61,4,3,137,0,0,2,1
581303,0,0,1,29,0,2,103,.,1,2,1
581303,0,0,1,46,4,3,153,.,1,2,1
581802,0,0,1,35,2,2,121,.,0,2,1
581802,0,0,1,43,4,3,144,.,0,2,1
581802,0,0,1,54,6,4,169,.,0,.,1
586102,1,0,1,32,0,2,84,0,0,3,1
586102,1,0,1,63,4,3,132,0,0,1,1
587301,1,0,2,25,0,2,93,0,0,2,1
587301,1,0,2,42,1,3,116,0,0,4,1
587301,1,0,2,43,4,4,140,0,0,3,1
587301,1,0,2,47,5,5,161,1,1,2,1
587303,0,0,1,33,1,3,106,.,1,1,1
591903,1,0,3,46,0,2,104,0,0,.,1
591903,1,0,3,61,3,3,129,0,0,2,1
594102,1,0,1,25,0,2,85,0,0,0,1
594102,1,0,1,62,4,3,133,0,0,0,1
600203,1,1,0,22,0,2,91,0,1,1,0
600203,1,1,0,40,4,3,139,0,1,1,0
602301,1,0,1,35,1,2,103,0,0,2,1
602301,1,0,1,48,2,3,126,0,0,0,1
602302,1,0,1,47,4,3,133,0,0,.,1
602304,0,0,0,44,2,2,121,.,1,0,1
602304,0,0,0,53,4,3,145,.,1,0,1
604004,1,0,3,33,1,2,119,0,1,2,1
604004,1,0,3,37,3,3,143,0,1,3,1
604004,1,0,3,46,6,4,172,1,0,2,1
604607,1,0,0,22,0,2,97,0,1,0,1
604607,1,0,0,45,3,3,124,0,0,1,1
604902,0,0,2,33,1,2,110,.,1,0,1
604902,0,0,2,44,4,3,140,.,0,0,1
607201,1,0,2,44,2,2,113,0,0,1,1
607201,1,0,2,51,4,3,138,0,0,2,1
607601,1,1,1,41,0,2,97,0,0,1,0
607601,1,1,1,30,2,3,122,0,0,2,0
607602,0,0,1,16,0,2,94,.,0,1,1
607602,0,0,1,33,3,3,142,.,0,3,1
607602,0,0,1,45,5,4,162,.,1,1,1
607802,0,0,1,42,2,2,118,.,0,2,1
607802,0,0,1,50,4,3,144,.,0,1,1
610101,0,0,2,33,2,2,119,.,0,0,1
610101,0,0,2,34,4,3,144,.,0,3,1
611802,1,0,1,26,0,2,94,0,1,1,1
611802,1,0,1,61,4,3,142,0,1,0,1
611802,1,0,1,61,6,4,166,1,1,0,1
613201,0,0,1,50,2,2,114,.,1,2,1
613201,0,0,1,59,4,3,138,.,1,.,1
613201,0,0,1,63,5,4,161,.,1,1,1
613402,0,0,2,38,2,2,125,.,1,1,1
613402,0,0,2,36,3,3,147,.,1,.,1
616105,0,0,2,41,0,2,97,.,1,2,1
616105,0,0,2,50,2,3,121,.,1,2,1
616105,0,0,2,55,4,4,144,.,1,4,1
616402,1,0,0,41,2,2,115,0,0,0,1
616402,1,0,0,47,3,3,133,0,1,0,1
616402,1,0,0,45,5,4,156,1,1,1,1
617501,1,1,1,18,0,2,108,0,0,1,0
617501,1,1,1,22,1,3,132,0,0,0,0
621501,0,0,1,45,1,2,104,.,1,2,1
621501,0,0,1,45,3,3,128,.,1,2,1
621701,0,0,2,54,0,2,103,.,1,2,1
621701,0,0,2,51,2,3,127,.,1,0,1
622001,1,0,0,37,1,2,107,0,0,1,1
622001,1,0,0,46,4,3,153,.,0,2,1
623801,1,0,4,43,1,2,113,0,1,2,1
623801,1,0,4,43,3,3,137,1,1,0,1
626201,0,0,0,47,0,2,96,.,0,0,1
626201,0,0,0,51,2,3,120,.,0,1,1
626201,0,0,0,67,5,4,164,.,1,2,1
627702,1,0,2,37,2,2,107,0,1,2,1
627702,1,0,2,42,3,3,131,1,1,3,1
627703,1,0,0,20,0,2,95,.,1,0,1
627703,1,0,0,44,4,3,143,1,1,1,1
627802,0,0,1,29,1,3,119,.,0,1,1
629404,0,0,2,46,1,2,104,.,0,3,1
629404,0,0,2,47,3,3,125,.,1,3,1
629404,0,0,2,63,4,4,149,.,1,2,1
629404,0,0,2,56,6,5,173,.,1,1,1
629502,0,0,2,57,3,3,136,.,1,4,1
631801,1,0,2,24,0,2,94,0,0,1,1
631801,1,0,2,44,3,3,141,0,0,0,1
631801,1,0,2,46,6,4,167,1,0,1,1
632205,1,0,0,16,0,2,94,0,1,0,1
632205,1,0,0,29,2,3,117,0,1,0,1
632702,1,1,3,31,2,2,116,0,0,2,0
632702,1,1,3,45,4,3,140,0,0,2,0
632703,1,1,1,30,1,2,105,0,0,1,0
632703,1,1,1,47,3,3,130,0,0,0,0
632704,1,0,0,45,4,3,156,.,1,0,1
634401,1,0,1,33,2,2,125,0,0,5,1
634401,1,0,1,41,4,3,150,.,0,2,1
634503,1,0,1,48,2,2,125,0,1,1,1
634503,1,0,1,50,4,3,147,1,1,3,1
635302,0,1,0,53,1,2,132,.,1,2,0
635302,0,1,0,44,3,3,155,.,1,1,0
636402,0,0,1,17,1,2,116,.,1,3,1
636802,0,0,5,43,1,2,127,.,1,2,1
636802,0,0,5,44,2,3,151,.,1,1,1
637110,1,0,0,20,0,2,94,0,1,0,1
637110,1,0,0,42,4,3,141,0,1,3,1
638402,1,0,2,40,0,2,107,0,0,2,1
638402,1,0,2,46,4,3,152,1,1,0,1
640002,0,0,0,21,0,2,98,.,0,0,1
640002,0,0,0,28,1,3,122,.,0,0,1
640402,1,0,2,31,2,2,127,0,0,1,1
640402,1,0,2,43,4,3,151,1,0,0,1
642601,0,0,3,24,0,2,111,.,0,4,1
642601,0,0,3,27,2,3,135,.,0,2,1
642701,1,0,0,26,0,2,102,0,0,0,1
642701,1,0,0,42,3,3,127,0,0,0,1
642702,0,0,0,31,2,3,114,.,0,2,1
642901,1,0,1,43,1,2,103,0,0,0,1
642901,1,0,1,44,3,3,128,0,0,2,1
642902,0,1,1,20,0,2,95,.,0,0,0
642902,0,1,1,47,3,3,139,.,1,1,0
642902,0,1,1,48,5,4,161,.,1,1,0
642903,0,1,1,19,0,2,95,.,0,1,0
642903,0,1,1,41,3,3,139,.,1,1,0
642903,0,1,1,46,5,4,161,.,1,2,0
642904,1,0,4,40,2,2,122,0,1,3,1
642904,1,0,4,47,4,3,145,0,1,2,1
643402,0,0,0,26,1,2,104,.,0,0,1
643402,0,0,0,37,3,3,128,.,0,0,1
643402,0,0,0,41,5,4,173,.,1,0,1
644203,1,0,1,35,1,2,111,0,1,2,1
644203,1,0,1,52,4,3,139,0,0,3,1
644203,1,0,1,46,5,4,160,0,1,0,1
644901,1,0,3,29,2,2,126,1,1,2,1
644901,1,0,3,30,4,3,149,1,1,5,1
648601,1,0,0,35,1,2,105,0,0,1,1
648601,1,0,0,43,3,3,130,0,0,2,1
648602,0,0,0,42,2,2,117,.,0,0,1
648602,0,0,0,47,4,3,142,.,0,1,1
651601,1,0,2,22,1,2,106,0,0,1,1
651601,1,0,2,41,3,3,130,0,0,4,1
651601,1,0,2,42,5,4,155,1,0,2,1
665803,1,0,1,34,4,3,134,0,0,1,1
665803,1,0,1,46,5,4,155,1,1,2,1
668403,1,0,2,31,0,2,94,.,1,5,1
668403,1,0,2,46,4,3,144,1,1,1,1
669301,1,0,1,53,3,3,127,0,1,0,1
671102,0,0,0,43,1,3,111,.,0,1,1
671102,0,0,0,50,3,4,136,.,0,0,1
671102,0,0,0,63,4,5,157,.,1,0,1
675701,0,0,0,30,2,2,114,.,0,0,1
675701,0,0,0,44,3,3,136,.,1,3,1
675701,0,0,0,48,5,4,162,.,0,3,1
677201,0,0,0,32,1,2,114,.,0,4,1
677201,0,0,0,58,3,3,140,.,0,3,1
677201,0,0,0,56,4,4,160,.,1,3,1
677202,1,0,7,34,1,2,110,0,0,4,1
677202,1,0,7,42,2,3,130,0,1,2,1
678804,1,0,0,38,1,2,106,0,0,1,1
678804,1,0,0,44,2,3,129,0,0,0,1
681601,1,0,1,29,0,2,86,.,0,1,1
681601,1,0,1,60,4,3,153,1,1,1,1
682502,1,0,5,36,1,3,113,0,0,4,1
682903,1,0,0,48,1,2,110,0,1,0,1
682903,1,0,0,46,3,3,134,0,1,0,1
684201,1,0,0,62,1,2,106,0,1,0,1
684201,1,0,0,69,4,3,130,0,1,0,1
684201,1,0,0,73,6,4,156,0,0,0,1
684203,0,0,0,41,0,2,93,.,0,0,1
684203,0,0,0,71,3,3,138,.,1,0,1
687602,0,0,0,45,1,2,102,.,1,0,1
687602,0,0,0,49,3,3,127,.,1,1,1
689101,0,0,1,38,0,2,100,.,0,1,1
689101,0,0,1,48,3,3,122,.,1,0,1
689101,0,0,1,52,4,4,144,.,1,0,1
690101,0,0,1,32,0,2,99,.,1,2,1
690101,0,0,1,45,2,3,124,.,1,2,1
690101,0,0,1,48,4,4,149,.,1,1,1
690101,0,0,1,46,6,5,173,.,1,3,1
693001,0,0,3,47,2,3,119,.,0,1,1
693001,0,0,3,46,4,4,142,.,0,4,1
693001,0,0,3,53,5,5,167,.,0,4,1
696601,0,0,0,31,0,2,100,.,0,0,1
696601,0,0,0,36,1,3,123,.,0,0,1
696601,0,0,0,48,4,4,147,.,0,0,1
700002,1,0,1,20,2,2,111,0,0,1,1
700002,1,0,1,34,3,3,130,0,1,1,1
700002,1,0,1,42,5,4,154,1,1,1,1
700003,1,1,6,17,1,3,114,0,1,5,0
707701,0,0,0,36,2,2,109,.,0,1,1
707701,0,0,0,51,4,3,135,.,0,1,1
708401,0,0,3,62,2,2,108,.,0,4,1
708401,0,0,3,68,3,3,128,.,1,3,1
711602,0,0,1,21,1,2,104,.,0,1,1
711602,0,0,1,40,3,3,126,.,0,0,1
711602,0,0,1,42,5,4,149,.,0,1,1
711603,0,0,0,29,1,2,107,.,0,0,1
711603,0,0,0,45,3,3,130,.,0,1,1
712303,1,0,1,47,1,2,107,0,1,1,1
712303,1,0,1,44,4,3,134,1,0,2,1
712303,1,0,1,46,6,4,156,1,1,1,1
714801,0,0,0,40,1,3,117,.,0,3,1
714801,0,0,0,42,3,4,139,.,1,1,1
714801,0,0,0,50,5,5,162,.,1,1,1
714802,1,0,0,44,0,2,97,0,0,0,1
714802,1,0,0,56,2,3,119,0,1,0,1
714802,1,0,0,51,4,4,143,0,1,0,1
715601,0,0,0,34,1,2,105,.,0,5,1
715601,0,0,0,65,4,3,149,.,1,4,1
715803,1,0,1,18,0,2,100,0,0,1,1
715803,1,0,1,27,1,3,124,0,0,0,1
715803,1,0,1,33,3,4,147,0,0,0,1
716601,1,0,2,48,0,2,95,0,1,2,1
716601,1,0,2,74,4,3,143,0,1,1,1
716601,1,0,2,75,6,4,167,1,1,1,1
716602,1,0,0,55,2,2,123,0,1,3,1
716602,1,0,0,69,4,3,147,0,1,2,1
716602,1,0,0,64,6,4,170,1,1,1,1
717002,1,0,0,26,0,2,99,0,0,1,1
717002,1,0,0,48,4,3,168,1,1,6,1
717003,0,0,5,32,0,2,105,.,1,5,1
717003,0,0,5,34,3,3,135,.,0,4,1
717901,0,0,4,34,2,3,128,.,0,4,1
717901,0,0,4,38,5,4,154,.,0,4,1
717902,0,0,0,25,1,2,99,.,0,4,1
717902,0,0,0,45,2,3,125,.,0,1,1
717902,0,0,0,49,6,4,168,.,1,2,1
717903,1,0,1,26,0,2,105,0,0,1,1
717903,1,0,1,41,2,3,126,0,1,2,1
717903,1,0,1,47,5,4,149,0,1,2,1
718602,0,1,4,36,1,2,102,.,0,0,0
718602,0,1,4,41,3,3,122,.,1,4,0
718602,0,1,4,70,4,4,146,.,1,0,0
718602,0,1,4,64,6,5,169,.,1,4,0
722401,1,0,0,47,2,2,125,1,1,0,1
722401,1,0,0,51,4,3,149,1,1,4,1
722401,1,0,0,51,6,4,172,1,1,3,1
722803,0,1,1,57,2,2,130,.,1,1,0
722803,0,1,1,58,4,3,154,.,1,0,0
723501,1,0,0,34,0,2,102,0,0,1,1
723501,1,0,0,48,2,3,121,0,1,1,1
725801,1,0,0,27,1,2,97,0,0,0,1
725801,1,0,0,58,3,3,143,0,1,0,1
725903,0,1,6,20,1,2,112,.,1,5,0
725903,0,1,6,29,4,3,142,.,0,0,0
725903,0,1,6,26,6,4,161,.,1,2,0
737702,0,0,0,31,1,2,112,.,0,3,1
737702,0,0,0,48,2,3,134,.,1,1,1
738201,0,0,0,25,0,2,86,.,0,2,1
738201,0,0,0,40,2,3,111,.,0,1,1
738201,0,0,0,54,3,4,132,.,1,3,1
738201,0,0,0,47,5,5,155,.,1,2,1
739002,0,0,0,26,0,2,101,.,1,0,1
739002,0,0,0,34,2,3,123,.,1,0,1
739002,0,0,0,43,4,4,148,.,1,0,1
739002,0,0,0,43,6,5,173,.,1,0,1
739102,1,0,0,25,0,2,93,0,0,0,1
739102,1,0,0,44,4,3,137,0,1,1,1
739301,1,0,1,24,0,2,99,0,1,1,1
739301,1,0,1,46,2,3,124,0,1,0,1
739301,1,0,1,47,6,4,171,1,1,1,1
739401,0,0,0,40,0,2,100,.,1,1,1
739401,0,0,0,51,2,3,123,.,1,0,1
739401,0,0,0,64,6,4,172,.,1,0,1
739601,1,0,0,51,1,2,107,0,1,0,1
739601,1,0,0,51,3,3,131,0,1,0,1
742301,0,0,1,41,2,2,109,.,1,0,1
742301,0,0,1,51,3,3,132,.,1,1,1
743601,0,0,1,37,0,2,103,.,0,2,1
743601,0,0,1,45,3,3,128,.,0,1,1
743602,1,0,0,44,2,2,117,0,0,0,1
743602,1,0,0,35,3,3,135,0,1,0,1
743602,1,0,0,36,5,4,158,1,1,0,1
743801,0,1,0,30,1,2,110,.,0,0,0
743801,0,1,0,48,3,3,135,.,0,3,0
743801,0,1,0,49,4,4,146,.,0,1,0
743802,1,0,0,26,0,2,105,0,0,1,1
743802,1,0,0,29,2,3,129,0,0,1,1
744102,1,1,5,14,0,2,111,0,0,3,0
744102,1,1,5,23,2,3,132,0,0,5,0
744102,1,1,5,42,3,4,155,1,0,.,0
744103,1,0,0,40,4,3,136,0,0,0,1
744703,0,0,1,38,2,2,121,.,0,3,1
744703,0,0,1,50,3,3,144,.,0,4,1
744704,0,0,1,18,0,2,96,.,0,2,1
744704,0,0,1,42,2,3,120,.,0,3,1
744704,0,0,1,42,4,4,140,.,1,3,1
745103,1,0,0,57,3,3,128,0,1,0,1
745103,1,0,0,59,5,4,152,1,1,1,1
745904,1,0,2,46,1,3,123,0,1,0,1
748003,0,0,0,42,1,2,110,.,1,.,1
748003,0,0,0,46,4,3,138,.,0,1,1
748502,0,0,0,32,0,2,85,.,0,0,1
748502,0,0,0,53,2,3,110,.,0,0,1
748502,0,0,0,59,5,4,154,.,1,1,1
749802,1,0,0,48,1,2,109,0,1,0,1
749802,1,0,0,68,3,3,133,0,1,0,1
749802,1,0,0,60,5,4,156,1,1,0,1
749803,1,0,0,46,1,2,116,0,1,1,1
749803,1,0,0,41,3,3,140,0,1,0,1
750104,1,0,4,21,0,2,103,0,1,2,1
750104,1,0,4,33,3,3,128,0,1,2,1
750404,0,0,0,48,1,2,112,.,1,0,1
750404,0,0,0,51,3,3,136,.,1,0,1
750404,0,0,0,48,5,4,160,.,1,1,1
751001,0,0,1,29,1,2,105,.,0,3,1
751001,0,0,1,41,3,3,130,.,0,2,1
752003,1,0,1,42,0,2,99,0,1,0,1
752003,1,0,1,46,4,3,148,0,1,0,1
752501,0,0,0,35,0,2,101,.,1,0,1
752501,0,0,0,43,2,3,126,.,1,0,1
760102,1,0,0,34,0,2,93,0,1,1,1
760102,1,0,0,47,4,3,141,0,1,0,1
763603,0,0,1,29,0,2,116,.,0,4,1
763603,0,0,1,42,3,3,142,.,0,2,1
764503,1,0,1,45,2,2,130,0,1,4,1
764503,1,0,1,48,4,3,154,1,1,4,1
765702,1,0,0,48,1,2,116,0,1,0,1
765702,1,0,0,48,3,3,140,0,1,0,1
767901,1,0,1,37,0,2,93,.,0,0,1
767901,1,0,1,52,3,3,137,1,1,0,1
771002,0,0,0,28,2,2,122,.,0,4,1
771002,0,0,0,47,3,3,144,.,1,3,1
771002,0,0,0,49,5,4,168,.,1,3,1
775002,1,0,0,49,1,2,110,0,1,1,1
775002,1,0,0,60,3,3,134,0,1,0,1
778902,0,0,1,22,1,2,122,.,0,1,1
778902,0,0,1,44,2,3,141,.,1,1,1
778902,0,0,1,41,5,4,169,.,0,2,1
778903,1,0,0,44,1,2,111,0,0,0,1
778903,1,0,0,45,2,3,131,0,1,0,1
778903,1,0,0,42,5,4,158,1,0,.,1
783001,0,0,3,25,0,2,100,.,0,6,1
783001,0,0,3,34,1,3,121,.,1,4,1
783001,0,0,3,47,6,4,169,.,1,3,1
783002,0,0,3,50,3,3,138,.,1,1,1
783002,0,0,3,51,5,4,161,.,1,.,1
783301,0,0,4,44,1,2,116,.,1,5,1
783301,0,0,4,65,3,3,140,.,1,4,1
783502,1,0,2,34,0,2,99,0,0,0,1
783502,1,0,2,49,3,3,120,0,0,3,1
783602,1,0,1,35,0,2,101,0,1,2,1
783602,1,0,1,43,3,3,124,1,1,2,1
783801,1,0,0,31,1,2,97,0,0,0,1
783801,1,0,0,52,2,3,120,0,0,0,1
785601,1,0,0,37,0,2,94,.,1,0,1
785601,1,0,0,56,4,3,142,1,1,1,1
786402,1,0,0,48,1,2,113,0,1,0,1
786402,1,0,0,58,4,3,140,0,0,.,1
788302,0,0,5,25,1,2,104,.,0,5,1
788302,0,0,5,30,2,3,125,.,1,3,1
788303,1,0,3,14,0,2,90,0,0,4,1
788303,1,0,3,27,1,3,112,0,1,1,1
788303,1,0,3,47,5,4,159,1,1,3,1
792103,0,0,2,23,0,2,91,.,0,1,1
792103,0,0,2,48,2,3,116,.,0,0,1
792704,0,0,0,34,2,2,112,.,0,2,1
792704,0,0,0,50,3,3,132,.,1,0,1
792704,0,0,0,48,5,4,156,.,1,1,1
793001,1,1,1,23,0,2,83,0,0,1,0
793001,1,1,1,48,2,3,107,0,0,.,0
793001,1,1,1,61,5,4,152,1,1,0,0
794301,1,0,3,23,0,2,93,0,1,4,1
794301,1,0,3,24,2,3,117,0,1,6,1
794503,0,0,0,34,2,2,123,.,1,0,1
794503,0,0,0,46,4,3,152,.,0,2,1
794503,0,0,0,51,6,4,173,.,1,1,1
795201,1,0,3,35,1,2,108,0,0,0,1
795201,1,0,3,40,3,3,128,0,1,2,1
795201,1,0,3,47,6,4,155,1,0,3,1
795901,1,0,1,41,0,2,94,0,1,0,1
795901,1,0,1,48,2,3,119,0,1,1,1
799803,0,0,0,63,1,2,112,.,1,1,1
799803,0,0,0,66,3,3,135,.,1,1,1
800602,1,0,0,50,2,2,122,0,1,0,1
800602,1,0,0,51,4,3,146,0,1,.,1
804701,0,0,0,26,1,2,94,.,0,1,1
804701,0,0,0,50,3,3,118,.,0,0,1
804701,0,0,0,50,4,4,141,.,0,1,1
804702,1,0,3,31,0,2,92,0,0,2,1
804702,1,0,3,48,1,3,115,0,0,4,1
804702,1,0,3,43,4,4,139,0,0,.,1
809102,0,0,2,40,0,2,106,.,0,3,1
809102,0,0,2,31,2,3,129,.,0,2,1
809102,0,0,2,46,3,4,153,.,0,3,1
809103,0,0,1,33,2,3,120,.,0,1,1
809103,0,0,1,41,3,4,141,.,1,2,1
809103,0,0,1,38,5,5,165,.,1,7,1
809301,1,0,1,24,0,2,94,0,0,1,1
809301,1,0,1,46,1,3,118,0,0,4,1
809301,1,0,1,29,3,4,144,0,0,.,1
810303,1,0,1,39,1,2,107,0,0,1,1
810303,1,0,1,49,2,3,128,0,0,2,1
811002,1,0,1,30,1,3,115,0,1,0,1
812504,0,0,1,45,1,3,116,.,0,0,1
814101,0,0,0,33,0,2,91,.,0,1,1
814101,0,0,0,40,2,3,114,.,0,1,1
817402,1,0,0,40,1,2,118,0,0,5,1
817402,1,0,0,47,3,3,141,0,0,3,1
817402,1,0,0,47,5,4,165,1,0,1,1
817403,1,0,3,28,0,2,92,0,0,3,1
817403,1,0,3,39,2,3,116,0,0,1,1
817403,1,0,3,41,5,4,160,.,1,4,1
817404,1,0,2,30,1,2,96,0,0,0,1
817404,1,0,2,41,3,3,141,0,1,4,1
817404,1,0,2,46,6,4,164,0,1,0,1
822602,0,0,1,39,0,2,88,.,0,1,1
822602,0,0,1,61,3,3,131,.,1,3,1
825702,0,0,5,24,1,2,107,.,0,3,1
825702,0,0,5,44,4,3,151,.,1,3,1
825902,1,0,6,22,0,2,93,0,1,2,1
825902,1,0,6,31,2,3,115,0,1,3,1
825903,0,0,2,33,0,2,94,.,1,2,1
825903,0,0,2,47,4,3,146,.,0,1,1
825903,0,0,2,50,5,4,167,.,1,1,1
826503,1,0,0,37,0,2,96,0,1,3,1
826503,1,0,0,58,4,3,145,0,1,0,1
826503,1,0,0,55,6,4,168,1,1,2,1
826504,1,0,0,18,2,2,122,0,1,0,1
826504,1,0,0,24,4,3,145,0,1,3,1
826904,1,0,4,15,0,2,95,0,1,4,1
826904,1,0,4,20,2,3,118,0,1,4,1
826904,1,0,4,25,4,4,141,0,1,3,1
826905,0,0,4,21,0,2,90,.,1,2,1
826905,0,0,4,29,2,3,113,.,1,2,1
827101,1,0,1,45,2,2,112,0,0,0,1
827101,1,0,1,53,3,3,135,0,0,0,1
827302,0,0,3,24,0,2,97,.,0,1,1
827302,0,0,3,40,2,3,121,.,0,0,1
827302,0,0,3,46,3,4,145,.,0,1,1
828302,1,0,0,44,1,2,110,0,0,2,1
828302,1,0,0,50,4,3,134,0,0,4,1
828302,1,0,0,63,6,4,158,1,0,6,1
828604,0,0,0,42,1,2,105,.,1,1,1
828604,0,0,0,43,4,3,133,.,0,0,1
828902,0,0,3,45,1,2,130,.,1,0,1
828902,0,0,3,42,3,3,154,.,1,3,1
828903,0,0,5,39,1,2,120,.,1,3,1
828903,0,0,5,43,3,3,144,.,1,4,1
828903,0,0,5,52,5,4,167,.,1,0,1
828905,0,0,0,18,1,2,111,.,1,2,1
828905,0,0,0,41,3,3,135,.,1,2,1
828905,0,0,0,37,5,4,158,.,1,1,1
829401,0,0,2,37,4,3,130,.,1,1,1
829401,0,0,2,44,5,4,154,.,1,0,1
829403,0,0,0,46,2,2,123,.,1,1,1
829403,0,0,0,60,4,3,146,.,1,2,1
833601,1,0,0,31,0,2,88,0,0,1,1
833601,1,0,0,46,3,3,132,0,1,1,1
834301,0,0,0,49,2,3,127,.,0,5,1
834301,0,0,0,59,6,4,175,.,0,.,1
835202,1,0,2,45,1,2,105,0,1,3,1
835202,1,0,2,44,3,3,129,0,1,3,1
835703,0,0,2,37,2,2,114,.,0,.,1
835703,0,0,2,44,4,3,138,.,0,0,1
835703,0,0,2,64,6,4,162,.,0,2,1
837503,0,0,1,27,0,2,101,.,1,3,1
837503,0,0,1,45,4,3,150,.,1,1,1
837504,0,0,4,27,2,2,127,.,1,4,1
837504,0,0,4,50,4,3,150,.,1,5,1
837602,1,0,6,18,0,2,104,0,1,0,1
837602,1,0,6,31,2,3,128,0,1,0,1
838301,0,0,3,24,0,2,92,.,0,1,1
838301,0,0,3,38,3,3,138,.,1,2,1
838903,1,0,0,35,0,2,93,.,1,0,1
838903,1,0,0,60,4,3,141,1,1,1,1
841601,0,0,3,41,1,2,106,.,1,0,1
841601,0,0,3,44,3,3,130,.,1,0,1
841601,0,0,3,63,5,4,153,.,1,2,1
841602,0,0,0,37,0,2,98,.,1,0,1
841602,0,0,0,45,2,3,121,.,1,0,1
846301,1,0,0,50,0,2,98,0,0,0,1
846301,1,0,0,66,4,3,144,1,1,0,1
846301,1,0,0,72,6,4,168,1,1,0,1
847301,0,0,2,39,0,2,114,.,0,1,1
847301,0,0,2,45,3,3,138,.,0,2,1
847301,0,0,2,44,5,4,162,.,0,.,1
847302,0,0,0,47,2,2,111,.,0,1,1
847302,0,0,0,53,3,3,135,.,0,2,1
847302,0,0,0,60,5,4,160,.,0,1,1
847701,0,0,0,59,2,2,125,.,1,1,1
847701,0,0,0,65,4,3,148,.,1,1,1
847901,1,0,0,32,0,2,98,0,0,0,1
847901,1,0,0,47,3,3,122,0,0,1,1
847902,0,0,0,26,0,2,104,.,1,0,1
847902,0,0,0,42,2,3,128,.,1,3,1
848201,1,0,0,35,0,2,94,0,1,1,1
848201,1,0,0,49,2,3,120,0,1,1,1
848201,1,0,0,67,4,4,144,1,1,0,1
849401,0,0,1,32,1,2,98,.,0,2,1
849401,0,0,1,53,3,3,122,.,0,2,1
849401,0,0,1,56,6,4,168,.,1,2,1
853202,1,0,4,37,1,2,108,0,0,0,1
853202,1,0,4,45,3,3,130,0,1,3,1
853202,1,0,4,60,5,4,153,1,1,2,1
856103,0,0,2,30,1,2,94,.,0,4,1
856103,0,0,2,37,2,3,113,.,1,5,1
857003,0,0,6,40,2,2,132,.,1,1,1
857003,0,0,6,43,4,3,155,.,1,6,1
858302,0,0,1,34,0,2,97,.,0,4,1
858302,0,0,1,43,3,3,145,.,0,3,1
858302,0,0,1,50,6,4,168,.,0,4,1
861503,0,0,0,23,0,2,93,.,1,1,1
861503,0,0,0,42,2,3,117,.,1,1,1
861503,0,0,0,52,5,4,140,.,1,2,1
861803,1,0,1,21,0,2,92,0,0,.,1
861803,1,0,1,46,1,3,114,0,0,.,1
861803,1,0,1,48,3,4,137,0,0,1,1
862201,1,0,2,51,1,2,117,0,1,0,1
862201,1,0,2,54,3,3,139,0,1,1,1
863101,0,0,3,22,0,2,114,.,1,1,1
863101,0,0,3,36,2,3,137,.,1,3,1
863403,0,0,3,31,1,3,103,.,1,2,1
863403,0,0,3,43,4,4,153,.,1,2,1
864302,1,0,3,47,2,2,120,0,1,0,1
864302,1,0,3,54,4,3,144,1,1,2,1
866203,0,0,5,24,1,2,109,.,0,1,1
866203,0,0,5,48,4,3,154,.,1,2,1
866205,1,1,2,34,1,2,114,0,1,1,0
866205,1,1,2,47,3,3,136,0,1,4,0
866402,1,0,1,35,1,3,114,0,1,2,1
866402,1,0,1,48,3,4,136,0,1,3,1
867903,1,0,2,48,1,2,96,0,0,4,1
867903,1,0,2,59,2,3,116,0,1,4,1
867903,1,0,2,66,4,4,139,1,1,2,1
869001,1,0,0,24,0,2,96,0,0,4,1
869001,1,0,0,34,2,3,120,0,0,1,1
869501,1,0,6,35,2,2,114,0,0,7,1
869501,1,0,6,60,4,3,137,0,0,3,1
869601,1,0,1,26,1,2,113,0,0,2,1
869601,1,0,1,35,3,3,138,0,0,4,1
870803,0,0,0,67,4,3,140,.,0,.,1
878701,1,0,0,14,0,2,99,0,0,0,1
878701,1,0,0,19,1,3,122,0,0,2,1
879403,0,0,0,54,0,2,103,.,1,0,1
879403,0,0,0,70,4,3,151,.,1,2,1
879404,1,0,3,43,0,2,102,0,1,2,1
879404,1,0,3,48,2,3,126,0,1,3,1
885801,0,0,1,50,2,2,122,.,1,2,1
885801,0,0,1,59,4,3,145,.,1,2,1
885801,0,0,1,64,6,4,170,.,1,0,1
885802,1,0,0,22,1,2,110,0,1,0,1
885802,1,0,0,23,3,3,135,1,1,0,1
885802,1,0,0,31,5,4,160,1,1,0,1
886401,1,0,3,47,1,2,96,0,0,4,1
886401,1,0,3,60,2,3,118,0,1,1,1
886401,1,0,3,61,4,4,141,0,1,4,1
886401,1,0,3,80,6,5,165,1,1,4,1
891202,0,0,0,31,1,2,97,.,0,0,1
891202,0,0,0,53,4,3,142,.,1,0,1
892601,1,0,1,27,1,2,108,0,0,3,1
892601,1,0,1,43,3,3,131,0,0,1,1
894201,1,0,2,32,1,2,108,0,0,1,1
894201,1,0,2,44,2,3,129,0,1,1,1
894201,1,0,2,47,5,4,157,1,0,1,1
894802,0,0,0,52,2,3,138,.,1,0,1
894802,0,0,0,55,4,4,161,.,1,0,1
894803,0,0,0,36,1,2,115,.,0,0,1
894803,0,0,0,40,3,3,136,.,1,2,1
894804,0,0,0,28,1,2,97,.,0,0,1
894804,0,0,0,42,2,3,118,.,1,0,1
894804,0,0,0,41,4,4,143,.,1,0,1
894804,0,0,0,54,6,5,166,.,1,0,1
897001,1,0,0,31,1,2,103,0,0,1,1
897001,1,0,0,45,3,3,125,0,1,2,1
897001,1,0,0,52,6,4,172,.,1,2,1
905003,0,0,2,35,2,2,122,.,1,2,1
905003,0,0,2,46,4,3,146,.,1,3,1
905003,0,0,2,46,6,4,170,.,1,3,1
907001,1,0,0,44,1,2,115,0,1,3,1
907001,1,0,0,47,4,3,140,0,1,4,1
908102,0,0,5,31,0,2,90,.,0,3,1
908102,0,0,5,43,2,3,116,.,0,2,1
910103,1,0,4,23,0,2,104,0,1,8,1
910103,1,0,4,34,2,3,128,0,1,3,1
911701,0,0,4,31,0,2,89,.,0,3,1
911701,0,0,4,46,2,3,114,.,0,4,1
911701,0,0,4,54,4,4,137,.,0,3,1
914402,1,0,1,48,1,2,109,0,1,1,1
914402,1,0,1,51,3,3,134,0,1,2,1
918002,0,0,1,45,2,2,112,.,0,1,1
918002,0,0,1,49,3,3,136,.,0,2,1
918201,1,0,0,45,2,2,116,0,0,0,1
918201,1,0,0,53,4,3,140,0,0,1,1
918202,1,0,0,40,1,2,98,0,0,1,1
918202,1,0,0,47,3,3,121,0,0,0,1
918301,0,0,4,33,1,2,104,.,0,3,1
918301,0,0,4,62,4,3,149,.,1,4,1
922901,1,0,2,49,1,2,107,0,1,2,1
922901,1,0,2,49,3,3,131,0,1,3,1
925503,1,1,0,40,2,2,123,0,1,3,0
925503,1,1,0,49,4,3,147,1,1,5,0
925503,1,1,0,56,6,4,170,1,1,8,0
925504,1,1,0,30,0,2,110,0,1,0,0
925504,1,1,0,35,3,3,134,0,1,0,0
925701,0,0,2,47,3,3,136,.,0,1,1
926102,1,0,0,24,1,2,121,0,0,1,1
926102,1,0,0,39,4,3,143,0,0,0,1
928101,0,0,4,40,2,2,115,.,0,4,1
928101,0,0,4,45,4,3,138,.,0,5,1
929805,0,0,0,41,1,2,105,.,1,0,1
929805,0,0,0,51,3,3,128,.,1,0,1
931202,0,0,2,45,1,2,100,.,0,2,1
931202,0,0,2,50,3,3,125,.,0,1,1
931202,0,0,2,80,6,4,169,.,1,1,1
931703,0,0,1,20,0,2,90,.,0,3,1
931703,0,0,1,49,3,3,135,.,1,2,1
938001,0,0,1,26,0,2,98,.,1,1,1
938001,0,0,1,46,2,3,122,.,1,1,1
938001,0,0,1,54,6,4,170,.,1,1,1
938002,1,0,2,31,0,2,101,0,1,1,1
938002,1,0,2,44,4,3,150,0,1,0,1
938205,0,1,0,36,0,2,99,.,1,0,0
938205,0,1,0,50,2,3,123,.,1,0,0
940103,0,0,1,47,4,3,140,.,0,0,1
951602,0,0,1,27,0,2,101,.,0,1,1
951602,0,0,1,42,6,4,170,.,1,2,1
952201,1,0,2,31,1,2,99,0,0,4,1
952201,1,0,2,39,3,3,122,0,0,2,1
964101,1,0,3,39,0,2,96,0,1,5,1
964101,1,0,3,49,2,3,121,0,1,5,1
964102,1,1,3,48,0,2,96,0,1,3,0
964102,1,1,3,50,2,3,121,0,1,3,0
966001,0,0,4,59,2,2,121,.,1,3,1
966001,0,0,4,65,4,3,145,.,1,3,1
968001,0,0,1,50,1,3,117,.,1,2,1
968001,0,0,1,44,3,4,140,.,1,3,1
968001,0,0,1,46,5,5,163,.,1,3,1
968002,1,0,3,24,0,2,96,0,1,2,1
968002,1,0,3,43,2,3,120,0,1,4,1
968002,1,0,3,48,3,4,143,1,1,3,1
968003,0,0,3,22,0,2,100,.,1,3,1
968003,0,0,3,48,3,3,149,.,1,2,1
968401,1,0,0,37,1,2,96,0,0,1,1
968401,1,0,0,46,3,3,120,0,0,1,1
968401,1,0,0,59,4,4,141,1,1,1,1
968402,1,0,0,58,3,3,137,1,1,1,1
968402,1,0,0,74,5,4,161,1,1,1,1
976803,0,0,4,40,4,3,163,.,1,2,1
982001,1,0,1,36,1,2,111,0,1,2,1
982001,1,0,1,39,4,3,135,1,1,3,1
983703,1,0,3,39,1,2,97,0,0,3,1
983703,1,0,3,50,3,3,121,0,0,.,1
983902,1,0,0,37,1,2,94,0,0,0,1
983902,1,0,0,46,3,3,118,0,0,2,1
983902,1,0,0,54,4,4,139,0,1,1,1
983903,0,0,1,28,0,2,101,.,1,1,1
983903,0,0,1,51,3,3,128,.,0,2,1
983903,0,0,1,47,5,4,155,.,0,1,1
984402,1,0,2,39,2,2,112,0,0,3,1
984402,1,0,2,46,4,3,133,0,1,2,1
984404,0,0,3,41,1,3,107,.,1,.,1
984404,0,0,3,52,6,4,160,.,0,3,1
985802,0,0,2,32,1,2,101,.,0,0,1
985802,0,0,2,44,3,3,123,.,0,1,1
985802,0,0,2,51,6,4,168,.,1,3,1
985803,0,0,2,42,0,2,104,.,1,3,1
985803,0,0,2,45,2,3,127,.,1,2,1
986203,0,0,1,39,1,2,102,.,1,1,1
986203,0,0,1,43,4,3,130,.,0,1,1
986203,0,0,1,42,6,4,155,.,0,1,1
986505,0,0,0,46,1,3,110,.,1,0,1
986505,0,0,0,48,3,4,134,.,1,0,1
986505,0,0,0,47,5,5,159,.,1,2,1
986506,0,0,3,39,0,2,104,.,1,0,1
986506,0,0,3,38,2,3,129,.,1,0,1
986506,0,0,3,36,4,4,153,.,1,.,1
987401,1,0,0,18,0,2,93,0,1,0,1
987401,1,0,0,43,2,3,118,0,1,.,1
987701,0,0,0,29,0,2,90,.,0,2,1
987701,0,0,0,44,3,3,134,.,1,0,1
987701,0,0,0,44,5,4,156,.,1,0,1
988701,1,0,0,27,0,2,101,0,0,2,1
988701,1,0,0,30,1,3,122,0,0,1,1
989201,1,0,0,44,3,3,141,0,1,.,1
989201,1,0,0,46,5,4,165,1,1,1,1
989503,1,0,0,30,1,2,98,0,0,3,1
989503,1,0,0,40,3,3,120,0,0,2,1
989503,1,0,0,45,5,4,144,1,0,3,1
992201,0,0,1,37,1,2,99,.,0,3,1
992201,0,0,1,59,3,3,121,.,0,1,1
992201,0,0,1,52,5,4,147,.,0,1,1
993803,0,0,0,43,1,2,118,.,1,1,1
993803,0,0,0,53,4,3,147,.,0,1,1
993803,0,0,0,60,5,4,167,.,1,1,1
995101,1,0,0,18,1,2,103,0,0,1,1
995101,1,0,0,19,2,3,126,0,0,2,1
995101,1,0,0,38,5,4,171,0,1,1,1
995102,0,0,1,17,0,2,110,.,0,2,1
995102,0,0,1,31,4,3,154,.,1,0,1
995304,0,0,2,43,1,3,112,.,1,0,1
997002,1,0,0,23,0,2,104,0,1,2,1
997002,1,0,0,40,2,3,127,0,1,3,1
998001,0,0,3,47,1,2,104,.,0,3,1
998001,0,0,3,45,3,3,128,.,0,3,1
999202,0,0,0,28,0,2,93,.,1,0,1
999202,0,0,0,42,2,3,117,.,1,0,1
999202,0,0,0,42,4,4,141,.,1,1,1
999203,0,0,0,34,0,2,100,.,1,0,1
999203,0,0,0,42,2,3,124,.,1,0,1
999203,0,0,0,49,6,4,172,.,1,0,1
1002601,1,0,1,20,0,2,100,0,0,0,1
1002601,1,0,1,29,3,3,125,0,0,1,1
1002601,1,0,1,42,6,4,174,1,0,2,1
1003202,1,0,2,28,1,2,105,0,0,3,1
1003202,1,0,2,45,3,3,129,0,0,1,1
1003202,1,0,2,47,4,4,149,0,1,0,1
1003203,1,0,4,26,1,2,101,0,0,3,1
1003203,1,0,4,38,2,3,121,0,1,1,1
1003203,1,0,4,40,5,4,145,0,1,2,1
1003204,0,0,4,28,1,3,108,.,1,5,1
1003601,0,0,1,50,2,2,114,.,0,6,1
1003601,0,0,1,53,4,3,137,.,0,2,1
1003802,1,0,0,44,1,2,112,0,0,0,1
1003802,1,0,0,67,4,3,138,0,0,1,1
1004802,0,0,0,28,1,3,102,.,1,2,1
1004802,0,0,0,49,5,4,152,.,1,2,1
1004903,0,0,2,15,0,2,92,.,1,1,1
1004903,0,0,2,48,2,3,115,.,1,2,1
1005201,0,0,0,31,1,2,105,.,0,0,1
1005201,0,0,0,41,3,3,128,.,0,0,1
1005203,1,0,0,47,1,2,105,0,1,0,1
1005203,1,0,0,59,3,3,129,0,1,0,1
1007201,1,0,2,47,2,2,112,0,0,0,1
1007201,1,0,2,45,4,3,133,1,1,2,1
1007201,1,0,2,56,5,4,156,1,1,1,1
1007301,1,0,1,12,0,2,97,0,1,2,1
1007301,1,0,1,37,2,3,120,0,1,2,1
1007301,1,0,1,44,6,4,169,1,1,3,1
1007302,1,0,4,15,0,2,97,0,1,1,1
1007302,1,0,4,41,4,3,146,0,1,1,1
1007901,1,0,0,30,1,2,103,0,1,1,1
1007901,1,0,0,50,2,3,127,0,1,0,1
1013201,1,0,1,25,1,2,99,0,0,4,1
1013201,1,0,1,36,3,3,124,1,0,2,1
1017504,1,0,0,14,1,2,104,0,0,0,1
1017504,1,0,0,33,4,3,148,0,1,1,1
1017504,1,0,0,49,6,4,171,1,1,0,1
1018402,0,0,3,27,1,2,105,.,0,1,1
1018402,0,0,3,44,4,3,152,.,0,4,1
1018404,0,0,2,40,2,2,135,.,1,3,1
1018404,0,0,2,48,4,3,159,.,1,.,1
1019104,0,1,2,46,2,2,134,.,1,2,0
1019104,0,1,2,47,4,3,159,.,1,4,0
1019105,1,1,2,29,2,2,134,0,1,1,0
1019105,1,1,2,45,4,3,159,1,1,1,0
1023702,0,1,1,42,1,2,114,.,1,2,0
1023702,0,1,1,54,4,3,142,.,0,2,0
1023702,0,1,1,57,5,4,163,.,1,1,0
1030801,1,0,1,57,3,3,115,0,1,1,1
1031001,1,0,1,31,0,2,88,0,0,0,1
1031001,1,0,1,54,1,3,110,0,0,0,1
1031001,1,0,1,66,4,4,135,0,0,0,1
1031001,1,0,1,71,5,5,156,0,1,2,1
1031002,0,0,0,43,2,3,113,.,0,1,1
1031002,0,0,0,54,3,4,133,.,1,1,1
1031002,0,0,0,68,5,5,157,.,1,0,1
1031302,0,0,4,20,0,2,94,.,1,6,1
1031302,0,0,4,38,2,3,117,.,1,3,1
1033202,1,1,1,15,0,2,109,0,1,3,0
1033202,1,1,1,37,1,3,133,0,1,.,0
1033601,1,0,3,30,1,2,108,0,0,0,1
1033601,1,0,3,40,2,3,128,0,1,1,1
1034001,0,0,1,30,0,2,102,.,0,0,1
1034001,0,0,1,40,2,3,126,.,0,0,1
1034001,0,0,1,43,4,4,150,.,0,2,1
1034001,0,0,1,48,6,5,174,.,0,0,1
1036001,0,0,0,25,1,2,101,.,0,0,1
1036001,0,0,0,63,4,3,145,.,1,0,1
1036003,0,0,1,42,2,2,115,.,0,0,1
1036003,0,0,1,45,4,3,135,.,1,0,1
1037502,0,0,1,29,0,2,90,.,0,2,1
1037502,0,0,1,48,4,3,138,.,0,0,1
1040101,1,1,0,40,1,2,111,0,1,1,0
1040101,1,1,0,62,3,3,134,0,1,1,0
1042101,1,0,0,30,1,2,99,0,0,0,1
1042101,1,0,0,48,2,3,121,0,0,2,1
1042101,1,0,0,43,5,4,147,0,0,1,1
1042201,0,0,1,30,1,2,107,.,0,5,1
1042201,0,0,1,41,3,3,131,.,0,1,1
1044801,0,0,4,37,0,2,94,.,1,4,1
1044801,0,0,4,52,2,3,117,.,1,4,1
1047801,1,0,1,30,0,2,98,0,1,0,1
1047801,1,0,1,46,2,3,123,0,1,1,1
1047801,1,0,1,45,4,4,147,0,1,0,1
1050001,1,0,0,32,1,2,101,0,0,0,1
1050001,1,0,0,42,2,3,121,0,1,0,1
1050001,1,0,0,48,4,4,145,0,1,.,1
1050701,1,0,2,19,1,2,95,0,0,1,1
1050701,1,0,2,52,4,3,139,0,1,1,1
1050701,1,0,2,57,6,4,163,1,1,1,1
1053201,0,0,3,43,1,2,113,.,1,2,1
1053201,0,0,3,48,4,3,139,.,0,3,1
1053202,0,0,4,29,0,2,99,0,1,3,1
1053202,0,0,4,35,3,3,125,.,0,5,1
1053802,0,0,1,22,0,2,102,.,1,2,1
1053802,0,0,1,46,2,3,125,.,1,4,1
1053804,1,0,1,26,1,2,100,.,0,.,1
1053804,1,0,1,35,2,3,119,.,1,.,1
1053804,1,0,1,42,4,4,143,1,1,3,1
1056501,1,0,1,35,2,2,116,0,0,3,1
1056501,1,0,1,47,4,3,141,0,0,1,1
1081101,0,0,1,37,2,2,121,.,0,3,1
1081101,0,0,1,44,4,3,144,.,0,3,1
1081103,0,0,2,32,1,2,107,.,0,2,1
1081103,0,0,2,50,4,3,152,.,1,2,1
1176403,1,0,0,38,1,2,103,0,1,0,1
1176403,1,0,0,40,4,3,130,0,0,0,1
1176502,0,0,0,24,0,2,98,.,1,.,1
1176502,0,0,0,46,3,3,125,.,0,0,1
1179201,0,0,3,44,1,2,97,.,0,8,1
1179201,0,0,3,54,3,3,121,.,0,5,1
1179201,0,0,3,53,5,4,145,.,0,5,1
1179202,0,0,3,33,0,2,90,.,0,4,1
1179202,0,0,3,50,2,3,114,.,0,2,1
1179202,0,0,3,47,4,4,139,.,0,2,1
1179202,0,0,3,63,5,5,158,.,1,3,1
1180202,1,0,3,35,0,2,92,.,1,2,1
1180202,1,0,3,53,4,3,142,1,1,3,1
1180202,1,0,3,48,6,4,165,1,1,1,1
1181201,1,0,7,25,0,2,103,0,1,5,1
1181201,1,0,7,26,3,3,128,0,1,4,1
1181902,0,0,4,35,1,2,105,.,1,7,1
1181902,0,0,4,45,4,3,130,.,1,6,1
1181904,1,0,0,28,1,2,98,0,1,2,1
1181904,1,0,0,42,4,3,146,0,1,1,1
1181904,1,0,0,52,6,4,169,1,1,0,1
1182604,1,0,2,38,1,2,98,0,0,2,1
1182604,1,0,2,47,4,3,143,1,1,0,1
1185003,0,0,0,14,0,2,96,0,0,2,1
1185003,0,0,0,40,3,3,142,.,1,3,1
1185003,0,0,0,44,5,4,165,.,1,3,1
1187001,0,0,4,49,1,2,109,.,1,2,1
1187001,0,0,4,50,3,3,134,.,1,3,1
1187001,0,0,4,55,5,4,159,.,1,4,1
1187303,0,0,3,51,2,2,118,.,1,2,1
1187303,0,0,3,63,4,3,141,.,1,1,1
1189901,1,1,3,51,2,2,110,0,1,2,0
1189901,1,1,3,62,3,3,133,0,1,2,0
1189901,1,1,3,67,5,4,157,1,1,3,0
1190501,1,0,1,38,2,2,118,0,0,1,1
1190501,1,0,1,51,4,3,141,0,0,4,1
1190501,1,0,1,50,5,4,162,1,1,3,1
1191001,1,0,0,45,2,2,119,0,1,0,1
1191001,1,0,0,59,4,3,142,0,1,1,1
1191901,0,0,0,44,1,2,107,.,1,1,1
1191901,0,0,0,58,3,3,131,.,1,1,1
1194901,1,0,0,23,0,2,96,0,1,1,1
1194901,1,0,0,42,2,3,120,0,1,0,1
1194901,1,0,0,61,4,4,144,0,1,0,1
1194901,1,0,0,64,6,5,167,1,1,0,1
1197902,0,0,4,21,0,2,86,.,0,4,1
1197902,0,0,4,44,4,3,132,.,0,4,1
1197902,0,0,4,43,5,4,153,.,1,.,1
1198101,0,0,2,36,1,2,98,.,0,2,1
1198101,0,0,2,40,2,3,121,.,0,0,1
1198901,0,0,1,52,0,2,94,.,0,2,1
1198901,0,0,1,67,1,3,114,.,1,2,1
1198901,0,0,1,63,3,4,136,.,1,2,1
1201701,0,0,3,44,2,2,113,.,0,2,1
1201701,0,0,3,43,3,3,133,.,1,3,1
1201702,0,0,2,34,0,2,95,.,0,1,1
1201702,0,0,2,44,1,3,115,.,1,0,1
1201702,0,0,2,48,6,4,163,.,1,0,1
1203201,1,1,3,44,1,2,114,0,1,2,0
1203201,1,1,3,42,3,3,137,0,1,3,0
1203201,1,1,3,49,6,4,166,1,0,2,0
1205201,0,0,1,28,2,2,112,.,0,1,1
1205201,0,0,1,53,4,3,138,.,0,1,1
1207601,1,0,4,49,1,2,115,0,1,4,1
1207601,1,0,4,56,3,3,138,0,1,3,1
1209201,1,0,1,44,2,2,113,0,1,0,1
1209201,1,0,1,45,3,3,136,0,1,0,1
1211502,1,0,0,40,0,2,94,0,0,0,1
1211502,1,0,0,60,1,3,115,0,1,0,1
1211502,1,0,0,58,3,4,139,0,1,1,1
1211503,0,0,1,49,1,3,110,.,1,1,1
1212303,0,0,1,37,1,2,110,.,0,2,1
1212303,0,0,1,44,3,3,133,.,0,2,1
1212303,0,0,1,56,4,4,158,.,0,0,1
1213501,1,1,3,15,0,2,86,.,0,2,0
1213501,1,1,3,64,4,3,155,.,1,1,0
1217202,0,0,1,46,2,2,117,.,0,.,1
1217202,0,0,1,46,4,3,141,.,0,2,1
1217202,0,0,1,46,6,4,162,.,1,0,1
1217204,1,0,1,26,1,2,109,0,0,0,1
1217204,1,0,1,43,2,3,129,0,1,0,1
1217702,0,0,2,32,1,2,101,.,1,0,1
1217704,0,0,0,50,4,3,149,.,1,0,1
1219103,1,1,1,32,1,2,111,0,1,5,0
1219103,1,1,1,35,3,3,136,0,1,0,0
1219103,1,1,1,51,6,4,163,1,0,6,0
1219105,0,0,4,25,3,3,133,.,0,5,1
1219105,0,0,4,42,4,4,154,.,1,5,1
1219106,0,1,0,21,2,2,119,.,0,1,0
1219106,0,1,0,37,3,3,140,.,1,1,0
1219108,0,0,2,50,2,3,132,.,1,0,1
1219108,0,0,2,64,4,4,154,.,1,2,1
1221003,0,0,0,37,0,2,101,.,1,0,1
1221003,0,0,0,52,4,3,149,.,1,0,1
1221702,0,0,2,44,3,3,139,.,1,0,1
1224001,1,0,1,50,1,2,111,0,1,0,1
1224001,1,0,1,46,4,3,134,0,1,1,1
1225402,1,0,0,33,0,2,108,0,1,0,1
1225402,1,0,0,43,2,3,131,0,1,0,1
1228103,1,0,0,40,1,3,111,0,1,0,1
1230302,0,0,1,26,0,2,92,.,0,0,1
1230302,0,0,1,26,2,3,116,.,0,0,1
1230302,0,0,1,42,4,4,166,.,0,0,1
1256601,0,0,0,29,2,2,113,.,0,2,1
1256601,0,0,0,44,4,3,137,.,0,1,1
1256601,0,0,0,47,5,4,159,.,0,1,1
